,Year,Team,Medal_Won_Corrected,GDP,Population,Total_Athletes
0,1964,Afghanistan,0,800000044,9731361,8
93,1968,Afghanistan,0,1373333367,10604346,5
204,1972,Afghanistan,0,1595555476,11721940,8
415,1980,Afghanistan,0,3641723322,13248370,11
634,1988,Afghanistan,0,,11540888,5
958,1996,Afghanistan,0,,17822884,2
1353,2004,Afghanistan,0,5285465686,24118979,5
1553,2008,Afghanistan,1,10190529882,27294031,4
1756,2012,Afghanistan,1,20536542737,30696958,6
1960,2016,Afghanistan,0,19469022208,34656032,3
205,1972,Albania,0,,2243126,5
790,1992,Albania,0,709452584,3247039,7
959,1996,Albania,0,3314898292,3168033,7
1154,2000,Albania,0,3632043908,3089027,4
1354,2004,Albania,0,7314865176,3026939,7
1554,2008,Albania,0,12881352688,2947314,11
1757,2012,Albania,0,12319784787,2900401,9
1961,2016,Albania,0,11863865978,2876101,6
1,1964,Algeria,0,2909351793,12295970,1
94,1968,Algeria,0,3852115817,13744387,3
206,1972,Algeria,0,6761786387,15377093,5
416,1980,Algeria,0,42345277342,19337715,54
495,1984,Algeria,2,53698278906,21893853,33
635,1988,Algeria,0,59089067187,24591492,42
791,1992,Algeria,2,48003298223,27181094,35
960,1996,Algeria,3,46941496780,29411415,45
1155,2000,Algeria,5,54790245601,31183660,47
1355,2004,Algeria,0,85324998814,32831096,61
1555,2008,Algeria,2,1.71001E+11,34860715,56
1758,2012,Algeria,1,2.09059E+11,37565847,38
1962,2016,Algeria,2,1.59049E+11,40606052,64
636,1988,American Samoa,0,,44047,6
792,1992,American Samoa,0,,49593,3
961,1996,American Samoa,0,,53929,7
1156,2000,American Samoa,0,,57521,4
1356,2004,American Samoa,0,512000000,59264,3
1556,2008,American Samoa,0,563000000,57030,4
1759,2012,American Samoa,0,644000000,55230,4
1963,2016,American Samoa,0,658000000,55599,4
324,1976,Andorra,0,227281025,31777,3
417,1980,Andorra,0,446416106,36067,2
496,1984,Andorra,0,330070689,42706,2
637,1988,Andorra,0,721425939,50434,3
793,1992,Andorra,0,1210013652,58888,8
962,1996,Andorra,0,1223945357,64360,8
1157,2000,Andorra,0,1434429703,65390,5
1357,2004,Andorra,0,2935659300,76244,6
1557,2008,Andorra,0,4007353157,83861,5
1760,2012,Andorra,0,3164615187,82431,6
1964,2016,Andorra,0,2858517699,77281,4
418,1980,Angola,0,,8929900,11
638,1988,Angola,0,6684491979,11513968,24
794,1992,Angola,0,5684291719,12968345,28
963,1996,Angola,0,7526446606,14682284,28
1158,2000,Angola,0,9129594819,16440924,30
1358,2004,Angola,0,19640848729,18865716,30
1558,2008,Angola,0,84178032716,21759420,32
1761,2012,Angola,0,1.15398E+11,25096150,33
1965,2016,Angola,0,95335111741,28813463,26
325,1976,Antigua,0,,72285,10
497,1984,Antigua,0,208372852,70725,14
639,1988,Antigua,0,398637741,67058,15
795,1992,Antigua,0,499281148,68427,13
964,1996,Antigua,0,633730630,75628,13
1159,2000,Antigua,0,830158769,83584,3
1359,2004,Antigua,0,919577143,88257,5
1559,2008,Antigua,0,1368431037,92478,5
1762,2012,Antigua,0,1211411704,96777,4
1966,2016,Antigua,0,1460144704,100963,8
2,1964,Argentina,1,25605249382,21953929,102
95,1968,Argentina,2,26436857247,23261278,89
207,1972,Argentina,1,34733000536,24782949,92
326,1976,Argentina,0,51169499891,26477152,69
498,1984,Argentina,0,79092001998,29920904,81
640,1988,Argentina,2,1.26207E+11,31795517,118
796,1992,Argentina,1,2.28789E+11,33655151,84
965,1996,Argentina,3,2.7215E+11,35419682,179
1160,2000,Argentina,4,2.84204E+11,37057452,143
1360,2004,Argentina,6,1.64658E+11,38728696,152
1560,2008,Argentina,6,3.61558E+11,40382389,132
1763,2012,Argentina,4,5.45982E+11,42096739,137
1967,2016,Argentina,4,5.45476E+11,43847430,215
966,1996,Armenia,2,1596968913,3168215,32
1161,2000,Armenia,1,1911563665,3069588,25
1361,2004,Armenia,0,3576615240,3000612,18
1561,2008,Armenia,6,11662040714,2908220,25
1764,2012,Armenia,3,10619320049,2881922,24
1968,2016,Armenia,4,10572298342,2924816,31
641,1988,Aruba,0,,61079,8
797,1992,Aruba,0,,68235,5
967,1996,Aruba,0,1379888268,83200,3
1162,2000,Aruba,0,1873452514,90853,5
1362,2004,Aruba,0,2228279330,98737,4
1562,2008,Aruba,0,2791960894,101353,2
1765,2012,Aruba,0,,102577,4
1969,2016,Aruba,0,,104822,7
3,1964,Australia,18,23787658192,11167000,243
96,1968,Australia,17,32687870982,12009000,128
208,1972,Australia,17,52003504673,13177000,168
327,1976,Australia,5,1.04974E+11,14033000,180
419,1980,Australia,9,1.49887E+11,14692000,120
499,1984,Australia,24,1.93504E+11,15544000,242
642,1988,Australia,14,2.36136E+11,16532200,252
798,1992,Australia,27,3.25693E+11,17495000,279
968,1996,Australia,41,4.01819E+11,18311000,417
1163,2000,Australia,58,4.15446E+11,19153000,617
1363,2004,Australia,50,6.1333E+11,20127400,470
1563,2008,Australia,46,1.05533E+12,21249200,432
1766,2012,Australia,35,1.53819E+12,22728254,405
1970,2016,Australia,29,1.20462E+12,24127159,420
4,1964,Austria,0,9169983886,7223801,56
97,1968,Austria,4,12440625313,7415403,43
209,1972,Austria,3,22059612417,7544201,111
328,1976,Austria,1,42959976068,7565525,60
420,1980,Austria,4,82058912465,7549433,83
500,1984,Austria,3,67985345162,7561434,102
643,1988,Austria,1,1.33339E+11,7585317,73
799,1992,Austria,2,1.95078E+11,7840709,102
969,1996,Austria,3,2.37251E+11,7959017,72
1164,2000,Austria,3,1.968E+11,8011566,92
1364,2004,Austria,7,3.00904E+11,8171966,74
1564,2008,Austria,3,4.30294E+11,8321496,70
1767,2012,Austria,0,4.09425E+11,8429991,70
1971,2016,Austria,1,3.908E+11,8747358,71
970,1996,Azerbaijan,1,3176749593,7763000,23
1165,2000,Azerbaijan,3,5272617196,8048600,31
1365,2004,Azerbaijan,5,8680472169,8306500,36
1565,2008,Azerbaijan,7,48852482960,8763400,44
1768,2012,Azerbaijan,10,69684317719,9295784,52
1972,2016,Azerbaijan,18,37847715736,9762274,56
5,1964,Bahamas,1,266666667,133698,11
98,1968,Bahamas,0,444901961,158627,16
210,1972,Bahamas,0,590900000,177839,20
329,1976,Bahamas,0,642100000,192902,11
501,1984,Bahamas,0,2041100000,230015,22
644,1988,Bahamas,0,2817900000,247579,16
800,1992,Bahamas,1,3109000000,266134,14
971,1996,Bahamas,1,3609000000,283790,26
1166,2000,Bahamas,3,6327552000,297890,25
1366,2004,Bahamas,2,7094413000,322526,22
1566,2008,Bahamas,2,8247000000,348676,25
1769,2012,Bahamas,1,10720500000,372039,21
1973,2016,Bahamas,2,11261800000,391232,29
502,1984,Bahrain,0,3905585106,407227,10
645,1988,Bahrain,0,3702393617,465202,7
801,1992,Bahrain,0,4751063830,523087,10
972,1996,Bahrain,0,6101861436,578668,5
1167,2000,Bahrain,0,9062906915,664614,4
1367,2004,Bahrain,0,13150166755,829848,10
1567,2008,Bahrain,0,25710877660,1114590,14
1770,2012,Bahrain,1,30749308511,1300217,12
1974,2016,Bahrain,2,32179069149,1425171,33
503,1984,Bangladesh,0,18920840000,90732362,1
646,1988,Bangladesh,0,26579005760,100975321,6
802,1992,Bangladesh,0,31708873955,111221938,6
973,1996,Bangladesh,0,46438482370,121269645,4
1168,2000,Bangladesh,0,53369787319,131581243,5
1368,2004,Bangladesh,0,65108544250,141307489,4
1568,2008,Bangladesh,0,91631278239,148805814,5
1771,2012,Bangladesh,0,1.33356E+11,155727053,5
1975,2016,Bangladesh,0,2.21415E+11,162951560,7
99,1968,Barbados,0,,237199,9
211,1972,Barbados,0,,241441,13
330,1976,Barbados,0,,247444,11
504,1984,Barbados,0,,255193,16
647,1988,Barbados,0,,258527,17
803,1992,Barbados,0,1950900000,262184,17
974,1996,Barbados,0,2411872918,265942,13
1169,2000,Barbados,1,3121500000,269847,18
1369,2004,Barbados,0,3514350000,273091,10
1569,2008,Barbados,0,4607300000,277319,8
1772,2012,Barbados,0,4656350000,281585,6
1976,2016,Barbados,0,4529050000,284996,11
975,1996,Belarus,15,14756861538,10160000,157
1170,2000,Belarus,17,12736856828,9979610,139
1370,2004,Belarus,13,23141587718,9730146,151
1570,2008,Belarus,18,60763483146,9527985,177
1773,2012,Belarus,12,65685102555,9464495,160
1977,2016,Belarus,9,47407217531,9507120,120
6,1964,Belgium,3,15960106681,9378113,61
100,1968,Belgium,2,21376353113,9618756,82
212,1972,Belgium,2,37408591330,9711115,88
331,1976,Belgium,6,71494539498,9818227,101
421,1980,Belgium,1,1.27508E+11,9859242,59
505,1984,Belgium,4,83795680815,9855372,63
648,1988,Belgium,2,1.63168E+11,9901664,59
804,1992,Belgium,3,2.36038E+11,10045158,68
976,1996,Belgium,6,2.81358E+11,10156637,61
1171,2000,Belgium,5,2.37905E+11,10251250,68
1371,2004,Belgium,3,3.70885E+11,10421137,50
1571,2008,Belgium,2,5.18626E+11,10709973,94
1774,2012,Belgium,3,4.97884E+11,11128246,111
1978,2016,Belgium,6,4.67956E+11,11348159,104
101,1968,Belize,0,44910180,116061,7
213,1972,Belize,0,66062500,127150,1
332,1976,Belize,0,96905830,135147,4
506,1984,Belize,0,210900000,160347,11
649,1988,Belize,0,314900000,179028,10
805,1992,Belize,0,518239100,194317,10
977,1996,Belize,0,641383800,213676,5
1172,2000,Belize,0,832072450,247315,2
1372,2004,Belize,0,1057845500,276089,2
1572,2008,Belize,0,1368625150,306165,4
1775,2012,Belize,0,1573618750,336701,3
1979,2016,Belize,0,1741100000,366954,3
214,1972,Benin,0,410331901,3043567,3
422,1980,Benin,0,1405251547,3717165,16
507,1984,Benin,0,1051133927,4156819,3
650,1988,Benin,0,1620246187,4672852,7
806,1992,Benin,0,1695315306,5331803,6
978,1996,Benin,0,2361116588,6094259,5
1173,2000,Benin,0,2569186643,6865951,4
1373,2004,Benin,0,4521424807,7750004,4
1573,2008,Benin,0,7132787397,8696916,5
1776,2012,Benin,0,8152554487,9729160,5
1980,2016,Benin,0,8583031398,10872298,6
7,1964,Bermuda,0,107566651,48900,4
102,1968,Bermuda,0,150000000,53000,6
215,1972,Bermuda,0,235400000,54200,9
333,1976,Bermuda,1,386300000,53200,16
508,1984,Bermuda,0,985699968,56423,12
651,1988,Bermuda,0,1415100032,58347,12
807,1992,Bermuda,0,1679900032,58595,20
979,1996,Bermuda,0,2695390000,60129,9
1174,2000,Bermuda,0,3480219000,61833,6
1374,2004,Bermuda,0,4484703000,63740,10
1574,2008,Bermuda,0,6109928000,65273,6
1777,2012,Bermuda,0,5537537000,64798,8
1981,2016,Bermuda,0,,65331,8
509,1984,Bhutan,0,169264991,453720,6
652,1988,Bhutan,0,283855833,517273,3
808,1992,Bhutan,0,250794360,531525,6
980,1996,Bhutan,0,316420861,519282,2
1175,2000,Bhutan,0,439158233,573416,2
1375,2004,Bhutan,0,702682019,640282,2
1575,2008,Bhutan,0,1258332337,700950,2
1778,2012,Bhutan,0,1823692110,752967,2
1982,2016,Bhutan,0,2212638830,797765,2
8,1964,Boliva,0,,,1
103,1968,Boliva,0,,,4
216,1972,Boliva,0,,,11
334,1976,Boliva,0,,,4
510,1984,Boliva,0,,,11
653,1988,Boliva,0,,,7
809,1992,Boliva,0,,,13
981,1996,Boliva,0,,,8
1176,2000,Boliva,0,,,5
1376,2004,Boliva,0,,,7
1576,2008,Boliva,0,,,7
1779,2012,Boliva,0,,,5
1983,2016,Boliva,0,,,12
810,1992,Bosnia and Herzegovina,0,,4239154,10
982,1996,Bosnia and Herzegovina,0,2786045322,3780378,9
1177,2000,Bosnia and Herzegovina,0,5505984456,3766706,9
1377,2004,Bosnia and Herzegovina,0,10022840635,3781287,9
1577,2008,Bosnia and Herzegovina,0,19112739664,3763599,5
1780,2012,Bosnia and Herzegovina,0,17226849297,3648200,6
1984,2016,Bosnia and Herzegovina,0,16910277134,3516816,11
423,1980,Botswana,0,1060923829,1001158,7
511,1984,Botswana,0,1240796365,1151292,7
654,1988,Botswana,0,2644536804,1301818,8
811,1992,Botswana,0,4146513722,1455833,6
983,1996,Botswana,0,4847752843,1604060,7
1178,2000,Botswana,0,5788329609,1728340,7
1378,2004,Botswana,0,8957467707,1829330,11
1578,2008,Botswana,0,10945070442,1946351,11
1781,2012,Botswana,1,14686278707,2089315,4
1985,2016,Botswana,0,15581137274,2250260,12
9,1964,Brazil,1,21211892260,81168654,61
104,1968,Brazil,3,33875881876,90557064,76
217,1972,Brazil,2,58539008786,100143598,81
335,1976,Brazil,2,1.52678E+11,110213082,79
424,1980,Brazil,4,2.35025E+11,121159761,106
512,1984,Brazil,8,2.09024E+11,132800684,147
655,1988,Brazil,6,3.30397E+11,144001542,160
812,1992,Brazil,3,4.00599E+11,154564278,182
984,1996,Brazil,15,8.50426E+11,164913306,221
1179,2000,Brazil,12,6.55421E+11,175287587,198
1379,2004,Brazil,10,6.69316E+11,184738458,243
1579,2008,Brazil,16,1.69582E+12,192979029,268
1782,2012,Brazil,17,2.46519E+12,200560983,248
1986,2016,Brazil,19,1.79619E+12,207652865,462
985,1996,Brunei,0,5115602837,304699,1
1180,2000,Brunei,0,6001153306,333241,2
1380,2004,Brunei,0,7872333215,359523,1
1783,2012,Brunei,0,19048495519,399748,3
1987,2016,Brunei,0,11400653732,423196,3
10,1964,Bulgaria,10,,8144340,63
105,1968,Bulgaria,9,,8369603,112
218,1972,Bulgaria,21,,8576200,130
336,1976,Bulgaria,22,,8758599,156
425,1980,Bulgaria,41,19839230769,8861535,270
656,1988,Bulgaria,35,22555941176,8981446,172
813,1992,Bulgaria,16,10350515464,8540164,138
986,1996,Bulgaria,15,10109404160,8362826,110
1181,2000,Bulgaria,13,13148099185,8170172,91
1381,2004,Bulgaria,12,26094622564,7716860,95
1580,2008,Bulgaria,5,54409138498,7492561,70
1784,2012,Bulgaria,2,53903028252,7305888,63
1988,2016,Bulgaria,3,53237882473,7127822,51
219,1972,Burkina Faso,0,578595584,5825173,1
657,1988,Burkina Faso,0,2616040646,8356305,6
814,1992,Burkina Faso,0,2240264712,9297113,4
987,1996,Burkina Faso,0,2586550747,10372745,5
1182,2000,Burkina Faso,0,2628920056,11607942,4
1382,2004,Burkina Faso,0,4838551100,13030569,5
1581,2008,Burkina Faso,0,8369637065,14689726,6
1785,2012,Burkina Faso,0,11166063467,16571216,5
1989,2016,Burkina Faso,0,11693235542,18646433,5
988,1996,Burundi,1,869033856,6041112,7
1183,2000,Burundi,0,870486066,6400706,6
1383,2004,Burundi,0,915257323,7182451,7
1582,2008,Burundi,0,1611634332,8212264,3
1786,2012,Burundi,0,2472384907,9319710,6
1990,2016,Burundi,1,3007029030,10524117,9
11,1964,Cambodia,0,782857129,6331583,13
220,1972,Cambodia,0,505549441,7300152,9
989,1996,Cambodia,0,3506695720,10980273,5
1184,2000,Cambodia,0,3654031716,12152354,4
1384,2004,Cambodia,0,5337833248,13063377,4
1583,2008,Cambodia,0,10351914093,13880509,4
1787,2012,Cambodia,0,14038383450,14776866,6
1991,2016,Cambodia,0,20016747754,15762370,6
12,1964,Cameroon,0,782384528,5646316,1
106,1968,Cameroon,1,1053077155,6208282,5
221,1972,Cameroon,0,1430951332,6875228,11
337,1976,Cameroon,0,3076592431,7669445,4
426,1980,Cameroon,0,6740756569,8618354,25
513,1984,Cameroon,1,7801858825,9742263,46
658,1988,Cameroon,0,12493286762,11031817,15
815,1992,Cameroon,0,11396310990,12408931,8
990,1996,Cameroon,0,10513387442,13812472,15
1185,2000,Cameroon,1,10083937740,15274234,34
1385,2004,Cameroon,1,17430933517,16959081,17
1584,2008,Cameroon,1,26409781215,18907008,32
1788,2012,Cameroon,0,29104437355,21082383,32
1992,2016,Cameroon,0,32217497470,23439189,22
13,1964,Canada,4,48882938810,19325000,115
107,1968,Canada,5,70759031842,20744000,139
222,1972,Canada,5,1.13083E+11,21993631,208
338,1976,Canada,11,2.06576E+11,23518000,385
514,1984,Canada,44,3.55373E+11,25702000,408
659,1988,Canada,10,5.07354E+11,26895000,328
816,1992,Canada,18,5.92388E+11,28519597,295
991,1996,Canada,22,6.28546E+11,29671900,303
1186,2000,Canada,14,7.42293E+11,30769700,294
1386,2004,Canada,12,1.0232E+12,31995000,262
1585,2008,Canada,19,1.54913E+12,33245773,332
1789,2012,Canada,18,1.82429E+12,34750545,273
1993,2016,Canada,22,1.52976E+12,36286425,310
992,1996,Cape Verde,0,501979069,398773,3
1187,2000,Cape Verde,0,539227278,435079,2
1387,2004,Cape Verde,0,924318491,467664,3
1586,2008,Cape Verde,0,1789333749,491723,2
1790,2012,Cape Verde,0,1751888562,513979,3
1994,2016,Cape Verde,0,1617467436,539560,5
339,1976,Cayman Islands,0,,13022,2
515,1984,Cayman Islands,0,,18543,8
660,1988,Cayman Islands,0,,22538,8
817,1992,Cayman Islands,0,,27404,10
993,1996,Cayman Islands,0,1012444074,33536,9
1188,2000,Cayman Islands,0,,41687,3
1388,2004,Cayman Islands,0,,47299,5
1587,2008,Cayman Islands,0,,52926,4
1791,2012,Cayman Islands,0,,57523,4
1995,2016,Cayman Islands,0,,60765,5
108,1968,Central African Republic,0,191767437,1755344,1
516,1984,Central African Republic,0,637820621,2565803,3
661,1988,Central African Republic,0,1264899368,2812244,15
818,1992,Central African Republic,0,1411917558,3095807,15
994,1996,Central African Republic,0,1007791186,3435821,5
1189,2000,Central African Republic,0,914500299,3754986,3
1389,2004,Central African Republic,0,1270080251,4055036,4
1588,2008,Central African Republic,0,1985239277,4345386,3
1792,2012,Central African Republic,0,2184183758,4490416,6
1996,2016,Central African Republic,0,1756124677,4594621,6
14,1964,Chad,0,392247518,3246505,2
109,1968,Chad,0,453980097,3499352,3
223,1972,Chad,0,585427546,3815103,4
517,1984,Chad,0,919103735,4954046,3
662,1988,Chad,0,1482597299,5584339,6
819,1992,Chad,0,1881847677,6349089,6
995,1996,Chad,0,1607345450,7241134,4
1190,2000,Chad,0,1385058162,8342559,2
1390,2004,Chad,0,4414929220,9710043,1
1589,2008,Chad,0,10351932604,11133861,2
1793,2012,Chad,0,12368071039,12705135,2
1997,2016,Chad,0,9600761474,14452543,2
15,1964,Chile,0,5982347826,8430838,14
110,1968,Chile,0,7167086957,9188822,21
224,1972,Chile,0,11853817308,9922558,11
340,1976,Chile,0,10341925249,10601836,7
518,1984,Chile,0,19622527480,11985658,52
663,1988,Chile,1,26040229793,12809025,17
820,1992,Chile,0,45964327559,13671033,12
996,1996,Chile,0,78039572222,14497826,21
1191,2000,Chile,1,77860932152,15262754,50
1391,2004,Chile,3,99210392858,15973778,22
1590,2008,Chile,1,1.79638E+11,16661942,26
1794,2012,Chile,0,2.67122E+11,17309746,35
1998,2016,Chile,0,2.47028E+11,17909754,42
16,1964,China,0,59708343489,698355000,39
111,1968,China,0,70846535056,774510000,11
225,1972,China,0,1.13688E+11,862030000,10
341,1976,China,0,1.5394E+11,930685000,25
519,1984,China,32,2.59947E+11,1036825000,262
664,1988,China,28,3.12354E+11,1101630000,319
821,1992,China,53,4.26916E+11,1164970000,282
997,1996,China,51,8.63747E+11,1217550000,313
1192,2000,China,58,1.21135E+12,1262645000,298
1392,2004,China,64,1.95535E+12,1296075000,406
1591,2008,China,100,4.59821E+12,1324655000,624
1795,2012,China,89,8.56055E+12,1350695000,408
1999,2016,China,70,1.11991E+13,1378665000,427
17,1964,Colombia,0,5992169467,18581974,20
112,1968,Colombia,0,5918455410,20905059,43
226,1972,Colombia,3,8671358733,23146803,59
342,1976,Colombia,0,15341403660,25323406,35
427,1980,Colombia,0,33400735644,27737900,23
520,1984,Colombia,1,38253120738,30350086,39
665,1988,Colombia,1,39212550050,32975535,40
822,1992,Colombia,1,49279585355,35558682,49
998,1996,Colombia,0,97160109278,38049038,48
1193,2000,Colombia,1,99886577331,40403958,44
1393,2004,Colombia,2,1.17075E+11,42724163,53
1592,2008,Colombia,2,2.43982E+11,44901544,67
1796,2012,Colombia,8,3.6966E+11,46881475,101
2000,2016,Colombia,8,2.82463E+11,48653419,143
999,1996,Comoros,0,230495751,488627,4
1194,2000,Comoros,0,203846428,542357,2
1394,2004,Comoros,0,368143119,597228,3
1593,2008,Comoros,0,523134897,657229,3
1797,2012,Comoros,0,570865941,723868,3
2001,2016,Comoros,0,616654490,795601,4
666,1988,Cook Islands,0,,,7
823,1992,Cook Islands,0,,,2
1000,1996,Cook Islands,0,,,3
1195,2000,Cook Islands,0,,,2
1395,2004,Cook Islands,0,,,3
1594,2008,Cook Islands,0,,,4
1798,2012,Cook Islands,0,,,8
2002,2016,Cook Islands,0,,,9
18,1964,Costa Rica,0,542578367,1537041,2
113,1968,Costa Rica,0,773841494,1746869,18
227,1972,Costa Rica,0,1238251696,1947048,3
343,1976,Costa Rica,0,2412555426,2151497,5
428,1980,Costa Rica,0,4831447001,2389310,29
521,1984,Costa Rica,0,4593908719,2659781,28
667,1988,Costa Rica,1,6063759371,2944557,16
824,1992,Costa Rica,0,8528593084,3257466,16
1001,1996,Costa Rica,1,11618286553,3596732,11
1196,2000,Costa Rica,2,14949514585,3925443,7
1396,2004,Costa Rica,0,18529767934,4187038,20
1595,2008,Costa Rica,0,30612932803,4429508,8
1799,2012,Costa Rica,0,46473128286,4654122,11
2003,2016,Costa Rica,0,57435507212,4857274,11
825,1992,Croatia,3,,4470000,39
1002,1996,Croatia,2,23678012697,4494000,84
1197,2000,Croatia,2,21774273832,4426000,88
1397,2004,Croatia,5,41574530816,4439000,81
1596,2008,Croatia,5,70481451814,4434508,99
1800,2012,Croatia,6,56485301967,4267558,107
2004,2016,Croatia,10,50714957391,4170600,85
19,1964,Cuba,1,,7787146,27
114,1968,Cuba,4,,8413327,115
228,1972,Cuba,8,8135150892,9025300,137
344,1976,Cuba,13,13789579903,9544271,156
429,1980,Cuba,20,19912889861,9835177,208
826,1992,Cuba,31,22085858243,10733363,176
1003,1996,Cuba,25,25017300000,10961012,164
1198,2000,Cuba,29,30565400000,11150736,229
1398,2004,Cuba,27,38203000000,11266941,151
1597,2008,Cuba,24,60806300000,11309754,158
1801,2012,Cuba,14,73141000000,11382146,109
2005,2016,Cuba,11,,11475982,117
20,1964,Curacao,0,,133148,4
115,1968,Curacao,0,,140298,5
229,1972,Curacao,0,,147710,2
345,1976,Curacao,0,,149399,4
522,1984,Curacao,0,,151940,8
668,1988,Curacao,1,,149254,3
827,1992,Curacao,0,,143912,4
1004,1996,Curacao,0,,146306,6
1199,2000,Curacao,0,,133860,7
1399,2004,Curacao,0,,134192,3
1598,2008,Curacao,0,,145880,3
430,1980,Cyprus,0,2154311277,685406,14
523,1984,Cyprus,0,2278248953,697717,10
669,1988,Cyprus,0,4278792597,736479,9
828,1992,Cyprus,0,6912150456,800609,17
1005,1996,Cyprus,0,9899623588,873423,17
1200,2000,Cyprus,0,10183317625,943286,22
1400,2004,Cyprus,0,17422375000,1010410,20
1599,2008,Cyprus,0,27839460964,1081563,17
1802,2012,Cyprus,1,25041372222,1135062,13
2006,2016,Cyprus,0,20047013274,1170125,15
21,1964,Czech Republic,14,,9727804,104
116,1968,Czech Republic,13,,9876346,121
230,1972,Czech Republic,8,,9867632,181
346,1976,Czech Republic,8,,10125939,163
431,1980,Czech Republic,14,,10304193,209
670,1988,Czech Republic,8,,10355276,163
829,1992,Czech Republic,7,34590052812,10319123,208
1006,1996,Czech Republic,11,66985765439,10315241,115
1201,2000,Czech Republic,8,61649492817,10255063,119
1401,2004,Czech Republic,9,1.19162E+11,10197101,142
1600,2008,Czech Republic,6,2.35719E+11,10384603,134
1803,2012,Czech Republic,10,2.07376E+11,10510785,133
2007,2016,Czech Republic,10,1.95305E+11,10561633,104
117,1968,Democratic Republic of the Congo,0,3909780525,18913203,5
524,1984,Democratic Republic of the Congo,0,7857729193,29121474,8
671,1988,Democratic Republic of the Congo,0,8861299977,32444156,15
830,1992,Democratic Republic of the Congo,0,8206227134,37346147,17
1007,1996,Democratic Republic of the Congo,0,5771454940,42770544,14
1202,2000,Democratic Republic of the Congo,0,19088046306,47076387,2
1402,2004,Democratic Republic of the Congo,0,10297483481,53034217,4
1601,2008,Democratic Republic of the Congo,0,19206060270,60373608,5
1804,2012,Democratic Republic of the Congo,0,27463220380,68978682,4
2008,2016,Democratic Republic of the Congo,0,31930856402,78736153,4
22,1964,Denmark,6,9506678763,4722072,60
118,1968,Denmark,8,13196541952,4864883,64
231,1972,Denmark,1,23232411898,4991596,126
347,1976,Denmark,3,44575847808,5072596,66
432,1980,Denmark,5,71127592754,5123027,58
525,1984,Denmark,6,59105208273,5111619,60
672,1988,Denmark,4,1.15553E+11,5129516,78
831,1992,Denmark,6,1.52916E+11,5171370,110
1008,1996,Denmark,6,1.87632E+11,5263074,119
1203,2000,Denmark,6,1.64159E+11,5339616,97
1403,2004,Denmark,8,2.51373E+11,5404523,92
1602,2008,Denmark,7,3.53361E+11,5493621,84
1805,2012,Denmark,9,3.27149E+11,5591572,114
2009,2016,Denmark,15,3.069E+11,5731118,119
526,1984,Djibouti,0,,406017,3
673,1988,Djibouti,1,395794539,528999,6
832,1992,Djibouti,0,478058305,615054,8
1009,1996,Djibouti,0,494004648,643682,5
1204,2000,Djibouti,0,551230862,717584,2
1603,2008,Djibouti,0,999105339,822934,2
1806,2012,Djibouti,0,1353632942,881185,4
2010,2016,Djibouti,0,,942333,7
1010,1996,Dominica,0,236444444,71145,6
1205,2000,Dominica,0,335845815,69676,4
1404,2004,Dominica,0,374771481,70379,2
1604,2008,Dominica,0,458190185,71074,2
1807,2012,Dominica,0,485997988,72044,2
2011,2016,Dominica,0,581484032,73543,2
23,1964,Dominican Republic,0,1025599900,3757956,1
119,1968,Dominican Republic,0,1079100000,4250025,18
232,1972,Dominican Republic,0,1987300000,4759934,5
348,1976,Dominican Republic,0,3951399900,5280723,10
433,1980,Dominican Republic,0,6631000100,5809269,6
527,1984,Dominican Republic,1,10330399700,6351572,19
674,1988,Dominican Republic,0,5374315190,6903316,16
833,1992,Dominican Republic,0,11277676880,7468551,32
1011,1996,Dominican Republic,0,18131813001,8029113,16
1206,2000,Dominican Republic,0,23996063503,8562622,13
1405,2004,Dominican Republic,1,22039232610,9102998,33
1605,2008,Dominican Republic,2,48288967303,9636520,24
1808,2012,Dominican Republic,2,60613645121,10154950,33
2012,2016,Dominican Republic,1,71583553488,10648791,26
120,1968,Ecuador,0,2582180794,5730906,15
233,1972,Ecuador,0,3185987235,6428711,2
349,1976,Ecuador,0,9091924305,7179399,5
434,1980,Ecuador,0,17881514683,7976445,12
528,1984,Ecuador,0,16912515183,8823751,11
675,1988,Ecuador,0,13051886552,9739176,13
834,1992,Ecuador,0,18094238119,10705667,13
1012,1996,Ecuador,1,25226393197,11683479,19
1207,2000,Ecuador,0,18327764882,12628596,10
1406,2004,Ecuador,0,36591661000,13509647,16
1606,2008,Ecuador,1,61762635000,14447562,25
1809,2012,Ecuador,0,87924544000,15419666,36
2013,2016,Ecuador,0,98613972000,16385068,37
24,1964,Egypt,0,,30071102,73
121,1968,Egypt,0,6109112150,33377259,30
234,1972,Egypt,0,8763960703,36673642,23
350,1976,Egypt,0,13360476862,40089032,26
529,1984,Egypt,1,30642873038,48868951,113
676,1988,Egypt,0,35044634015,54547296,49
835,1992,Egypt,0,41855986519,60035536,75
1013,1996,Egypt,0,67629716981,64933456,29
1208,2000,Egypt,0,99838543960,69905988,89
1407,2004,Egypt,5,78845185293,75381899,96
1607,2008,Egypt,1,1.62818E+11,80953881,100
1810,2012,Egypt,2,2.79373E+11,87813257,109
2014,2016,Egypt,3,3.32791E+11,95688681,121
122,1968,El Salvador,0,1009760100,3477742,60
235,1972,El Salvador,0,1263720000,3861931,11
530,1984,El Salvador,0,3661683400,4858532,10
677,1988,El Salvador,0,4189880000,5119035,6
836,1992,El Salvador,0,5954700000,5400331,4
1014,1996,El Salvador,0,10315500000,5671925,8
1209,2000,El Salvador,0,13134100000,5867626,8
1408,2004,El Salvador,0,15798300000,6000775,7
1608,2008,El Salvador,0,21430950000,6110301,11
1811,2012,El Salvador,0,23813600000,6221246,10
2015,2016,El Salvador,0,26797470000,6344722,8
531,1984,Equatorial Guinea,0,50320914,338086,4
678,1988,Equatorial Guinea,0,100534663,402326,6
837,1992,Equatorial Guinea,0,134707184,455148,7
1015,1996,Equatorial Guinea,0,232463036,523999,5
1210,2000,Equatorial Guinea,0,1045998496,614323,4
1409,2004,Equatorial Guinea,0,4410764339,724817,2
1609,2008,Equatorial Guinea,0,19749893536,868418,3
1812,2012,Equatorial Guinea,0,22389627294,1038593,2
2016,2016,Equatorial Guinea,0,10684804794,1221490,1
1211,2000,Eritrea,0,706370816,,3
1410,2004,Eritrea,1,1109054005,,4
1610,2008,Eritrea,0,1380188800,,10
1813,2012,Eritrea,0,,,12
2017,2016,Eritrea,0,,,12
838,1992,Estonia,2,,1533091,37
1016,1996,Estonia,0,4746109767,1415594,43
1212,2000,Estonia,3,5685774809,1396985,33
1411,2004,Estonia,3,12059201242,1362550,42
1611,2008,Estonia,2,24194039256,1337090,47
1814,2012,Estonia,2,23043864510,1322696,32
2018,2016,Estonia,1,23337907619,1316481,46
25,1964,Ethiopia,1,,24397024,12
123,1968,Ethiopia,2,,26946079,18
236,1972,Ethiopia,2,,30132580,31
435,1980,Ethiopia,4,,35264898,41
839,1992,Ethiopia,3,10492993078,51647768,20
1017,1996,Ethiopia,3,8547939731,59155148,18
1213,2000,Ethiopia,8,8242392104,66537331,26
1412,2004,Ethiopia,7,10131187261,74624405,26
1612,2008,Ethiopia,7,27066912635,83184892,27
1815,2012,Ethiopia,7,43310721414,92444183,33
2019,2016,Ethiopia,8,72374224249,102403196,37
124,1968,Fiji,0,166952937,498892,1
237,1972,Fiji,0,316650509,542814,2
351,1976,Fiji,0,694552412,587520,2
532,1984,Fiji,0,1177997414,700366,14
679,1988,Fiji,0,1109976928,722917,23
840,1992,Fiji,0,1531803061,744531,18
1018,1996,Fiji,0,2129266728,784476,17
1214,2000,Fiji,0,1684109743,811223,7
1413,2004,Fiji,0,2727507213,818354,8
1613,2008,Fiji,0,3523185920,843340,6
1816,2012,Fiji,0,3972012571,873596,9
2020,2016,Fiji,1,4703632978,898760,53
26,1964,Finland,5,7766655086,4548543,89
125,1968,Finland,4,8823033880,4626469,66
238,1972,Finland,8,14754136507,4639657,96
352,1976,Finland,6,31873171719,4725664,83
436,1980,Finland,8,53685049410,4779535,105
533,1984,Finland,12,52926394935,4881803,86
680,1988,Finland,4,1.09103E+11,4946481,78
841,1992,Finland,5,1.12625E+11,5041992,88
1019,1996,Finland,4,1.32099E+11,5124573,76
1215,2000,Finland,4,1.2554E+11,5176209,70
1414,2004,Finland,2,1.96768E+11,5228172,53
1614,2008,Finland,4,2.83742E+11,5313399,57
1817,2012,Finland,3,2.56706E+11,5413971,56
2021,2016,Finland,1,2.38503E+11,5495096,54
27,1964,France,15,94906593388,49449403,138
126,1968,France,15,1.29847E+11,51276054,200
239,1972,France,13,2.04283E+11,52959228,227
353,1976,France,9,3.7341E+11,54541493,206
437,1980,France,14,7.03525E+11,55340782,121
534,1984,France,28,5.32649E+11,56470769,238
681,1988,France,16,1.0235E+12,57836486,266
842,1992,France,29,1.40872E+12,58851216,339
1020,1996,France,37,1.61425E+12,59753098,299
1216,2000,France,38,1.36844E+12,60912498,336
1415,2004,France,33,2.12411E+12,62704897,308
1615,2008,France,41,2.92347E+12,64374990,309
1818,2012,France,35,2.68142E+12,65659790,324
2022,2016,France,42,2.46545E+12,66896109,392
240,1972,Gabon,0,430508358,613123,1
535,1984,Gabon,0,3561451562,808083,4
682,1988,Gabon,0,3834503378,901458,2
843,1992,Gabon,0,5592390849,1004676,5
1021,1996,Gabon,0,5694040337,1113994,7
1217,2000,Gabon,0,5067865321,1231122,5
1416,2004,Gabon,0,7756293575,1364205,5
1616,2008,Gabon,0,15508574820,1536411,4
1819,2012,Gabon,1,17171446922,1756817,21
2023,2016,Gabon,0,14213558130,1979786,6
536,1984,Gambia,0,177338802,701104,10
683,1988,Gambia,0,266673126,843050,6
844,1992,Gambia,0,714255461,979718,5
1022,1996,Gambia,0,848237109,1096708,9
1218,2000,Gambia,0,782915402,1231844,2
1417,2004,Gambia,0,578785279,1398573,2
1617,2008,Gambia,0,965769127,1588572,3
1820,2012,Gambia,0,910026287,1802125,2
2024,2016,Gambia,0,964599178,2038501,4
1023,1996,Georgia,2,3094915506,4616100,34
1219,2000,Georgia,6,3057453483,4418300,36
1418,2004,Georgia,4,5125273881,4245000,32
1618,2008,Georgia,6,12795044473,4030000,35
1821,2012,Georgia,7,15846474596,3825000,34
2025,2016,Georgia,7,14378016729,3719300,40
28,1964,Germany,50,,75318337,337
127,1968,Germany,51,,77294314,499
241,1972,Germany,106,2.98667E+11,78688452,721
354,1976,Germany,129,5.17788E+11,78336950,557
438,1980,Germany,126,9.46695E+11,78288576,346
537,1984,Germany,59,7.22368E+11,77858685,389
684,1988,Germany,142,1.39593E+12,78144619,605
845,1992,Germany,82,2.12313E+12,80624598,463
1024,1996,Germany,65,2.50367E+12,81914831,464
1220,2000,Germany,56,1.94995E+12,82211508,422
1419,2004,Germany,49,2.81925E+12,82516260,441
1619,2008,Germany,41,3.75237E+12,82110097,420
1822,2012,Germany,44,3.54398E+12,80425823,383
2026,2016,Germany,42,3.4778E+12,82667685,418
29,1964,Ghana,1,1731296200,7513289,33
128,1968,Ghana,0,1666909518,8221020,31
242,1972,Ghana,1,2112293280,9083573,35
538,1984,Ghana,0,4412279865,12311158,21
685,1988,Ghana,0,5197840973,13854214,16
846,1992,Ghana,1,6413901602,15463854,34
1025,1996,Ghana,0,6934984709,17185608,35
1221,2000,Ghana,0,4983024408,18938762,22
1420,2004,Ghana,0,8881368538,20986536,26
1620,2008,Ghana,0,28526891010,23298640,9
1823,2012,Ghana,0,41939728979,25733049,7
2027,2016,Ghana,0,42689783734,28206728,13
30,1964,Greece,0,6680298251,8510429,18
129,1968,Greece,1,9915140546,8740765,44
243,1972,Greece,2,16885506818,8888628,60
355,1976,Greece,0,31152840485,9188150,36
439,1980,Greece,3,56829663469,9642505,41
539,1984,Greece,2,48020024788,9895801,63
686,1988,Greece,1,76261278405,10036983,56
847,1992,Greece,2,1.16225E+11,10399061,70
1026,1996,Greece,8,1.45862E+11,10608800,121
1222,2000,Greece,13,1.30134E+11,10805808,140
1421,2004,Greece,16,2.40521E+11,10955141,426
1621,2008,Greece,4,3.54461E+11,11077841,152
1824,2012,Greece,2,2.45671E+11,11045011,102
2028,2016,Greece,6,1.92691E+11,10746740,92
540,1984,Grenada,0,145533296,98439,6
687,1988,Grenada,0,236357519,98062,6
848,1992,Grenada,0,310160444,97198,4
1027,1996,Grenada,0,366911444,100796,5
1223,2000,Grenada,0,520044370,101619,3
1422,2004,Grenada,0,599118593,102656,5
1622,2008,Grenada,0,825977889,103930,9
1825,2012,Grenada,1,799882148,105481,8
2029,2016,Grenada,1,1056188593,107317,6
688,1988,Guam,0,,124673,19
849,1992,Guam,0,,136692,22
1028,1996,Guam,0,,148060,8
1224,2000,Guam,0,,155329,7
1423,2004,Guam,0,3857000000,158099,4
1623,2008,Guam,0,4621000000,159035,6
1826,2012,Guam,0,5199000000,159973,8
2030,2016,Guam,0,5793000000,162896,5
130,1968,Guatemala,0,1610500000,5311615,48
244,1972,Guatemala,0,2101300000,5941567,8
356,1976,Guatemala,0,4365300200,6599214,28
440,1980,Guatemala,0,7878700000,7283459,10
541,1984,Guatemala,0,9470000100,8042897,24
689,1988,Guatemala,0,7841602824,8842575,28
850,1992,Guatemala,0,10440842165,9708544,14
1029,1996,Guatemala,0,15674852771,10646674,26
1225,2000,Guatemala,0,19288926545,11650743,15
1424,2004,Guatemala,0,23965275996,12796925,18
1624,2008,Guatemala,0,39136893345,14006366,12
1827,2012,Guatemala,1,50388454861,15271056,19
2031,2016,Guatemala,0,68763255964,16582469,21
131,1968,Guinea,0,,4097191,15
441,1980,Guinea,0,,4511902,9
542,1984,Guinea,0,,4943144,1
690,1988,Guinea,0,2384295764,5554882,6
851,1992,Guinea,0,3284625277,6758838,8
1030,1996,Guinea,0,3869032271,8132552,5
1226,2000,Guinea,0,2995360969,8808546,6
1425,2004,Guinea,0,3666349049,9490229,3
1625,2008,Guinea,0,6963961726,10323142,5
1828,2012,Guinea,0,7387103675,11281469,4
2032,2016,Guinea,0,8200248003,12395924,5
1031,1996,Guinea-Bissau,0,270419779,1159060,3
1227,2000,Guinea-Bissau,0,370173852,1243229,3
1426,2004,Guinea-Bissau,0,531109356,1350345,3
1626,2008,Guinea-Bissau,0,864136713,1480841,3
1829,2012,Guinea-Bissau,0,989875559,1638139,4
2033,2016,Guinea-Bissau,0,1164944510,1815698,5
31,1964,Guyana,0,194773377,637845,1
132,1968,Guyana,0,229750000,686146,5
245,1972,Guyana,0,285380952,721948,3
442,1980,Guyana,1,603200000,780153,8
543,1984,Guyana,0,437631605,775219,10
691,1988,Guyana,0,413799990,750731,8
852,1992,Guyana,0,368281379,748134,6
1032,1996,Guyana,0,705406001,761861,7
1228,2000,Guyana,0,712667897,753301,4
1427,2004,Guyana,0,785918770,751652,4
1627,2008,Guyana,0,1922598121,746314,4
1830,2012,Guyana,0,2861562266,753091,6
2034,2016,Guyana,0,3502397094,773303,6
246,1972,Haiti,0,,4876560,7
357,1976,Haiti,0,,5238245,13
544,1984,Haiti,0,,6240329,3
692,1988,Haiti,0,,6813348,4
853,1992,Haiti,0,2257129874,7386975,7
1033,1996,Haiti,0,2907517543,7965553,7
1229,2000,Haiti,0,3953839594,8549200,5
1428,2004,Haiti,0,3537721020,9119178,8
1628,2008,Haiti,0,6548530572,9705029,7
1831,2012,Haiti,0,7890216508,10289210,5
2035,2016,Haiti,0,8022638722,10847334,10
133,1968,Honduras,0,646800000,2560727,6
358,1976,Honduras,0,1347999950,3251158,3
545,1984,Honduras,0,3319000000,4154887,10
693,1988,Honduras,0,3970386266,4676361,8
854,1992,Honduras,0,3419487441,5247836,10
1034,1996,Honduras,0,4034037162,5867849,7
1230,2000,Honduras,0,7103529494,6524283,20
1429,2004,Honduras,0,8772194250,7204153,5
1629,2008,Honduras,0,13789715133,7872658,25
1832,2012,Honduras,0,18528506894,8505646,25
2036,2016,Honduras,0,21516938910,9112867,23
32,1964,Hungary,22,,10119835,182
134,1968,Hungary,32,,10255815,166
247,1972,Hungary,35,,10398489,226
359,1976,Hungary,22,,10598677,177
443,1980,Hungary,32,,10711122,260
694,1988,Hungary,23,,10596487,188
855,1992,Hungary,30,38724945368,10369341,215
1035,1996,Hungary,21,46659796773,10311238,212
1231,2000,Hungary,17,47310623887,10210971,178
1430,2004,Hungary,17,1.04067E+11,10107146,208
1630,2008,Hungary,10,1.57998E+11,10038188,170
1833,2012,Hungary,18,1.27857E+11,9920362,151
2037,2016,Hungary,15,1.25817E+11,9817958,153
33,1964,Iceland,0,434267937,188983,4
135,1968,Iceland,0,474399472,201488,8
248,1972,Iceland,0,846506911,209137,25
360,1976,Iceland,0,1683117418,220154,13
444,1980,Iceland,0,3409023699,228138,9
546,1984,Iceland,1,2887825524,239511,30
695,1988,Iceland,0,6156487920,249740,32
856,1992,Iceland,0,7138787995,261057,27
1036,1996,Iceland,0,7501950116,268916,9
1232,2000,Iceland,1,8946079678,281205,18
1431,2004,Iceland,0,13703315349,292074,26
1631,2008,Iceland,1,17640375722,317414,27
1834,2012,Iceland,0,14218575093,320716,27
2038,2016,Iceland,0,20047413006,334252,8
34,1964,India,1,55726873076,487484535,52
136,1968,India,1,52377324280,529967317,23
249,1972,India,1,70509913047,579411513,41
361,1976,India,0,1.01347E+11,635771734,26
445,1980,India,1,1.8384E+11,696783517,71
547,1984,India,0,2.09328E+11,764245202,47
696,1988,India,0,2.92633E+11,834489322,46
857,1992,India,0,2.84364E+11,906021106,52
1037,1996,India,1,3.87656E+11,978893217,49
1233,2000,India,1,4.62147E+11,1053050912,65
1432,2004,India,1,6.99689E+11,1126135777,73
1632,2008,India,3,1.18695E+12,1197146906,53
1835,2012,India,6,1.82764E+12,1263065852,81
2039,2016,India,2,2.26379E+12,1324171354,112
858,1992,Individual Olympic Athletes,3,,,58
1234,2000,Individual Olympic Athletes,0,,,4
1836,2012,Individual Olympic Athletes,0,,,4
2040,2016,Individual Olympic Athletes,2,,,9
137,1968,Indonesia,0,7534499073,108821564,6
250,1972,Indonesia,0,11709424257,121059513,6
362,1976,Indonesia,0,39681453146,134010690,7
548,1984,Indonesia,0,90345970378,161555583,16
697,1988,Indonesia,1,89756617174,175000916,29
859,1992,Indonesia,5,1.36314E+11,187766086,42
1038,1996,Indonesia,4,2.42086E+11,199914831,40
1235,2000,Indonesia,6,1.75702E+11,211540429,47
1433,2004,Indonesia,4,2.73461E+11,223614649,38
1633,2008,Indonesia,5,5.43254E+11,236159276,24
1837,2012,Indonesia,2,9.1787E+11,248883232,22
2041,2016,Indonesia,3,9.32259E+11,261115456,28
35,1964,Iran,2,5379845648,24308085,62
138,1968,Iran,5,8623172960,27032943,14
251,1972,Iran,3,17153463263,30074298,48
363,1976,Iran,2,68055295080,33737768,84
698,1988,Iran,1,1.23058E+11,53075618,23
860,1992,Iran,3,,58260738,36
1039,1996,Iran,3,1.20404E+11,61583089,18
1236,2000,Iran,4,1.09592E+11,66131854,33
1434,2004,Iran,6,1.90043E+11,69617100,37
1634,2008,Iran,2,4.06071E+11,72845542,54
1838,2012,Iran,12,5.98853E+11,76453574,52
2042,2016,Iran,8,4.18977E+11,80277428,63
36,1964,Iraq,0,2340521143,8122199,13
139,1968,Iraq,0,2896947634,9260682,3
446,1980,Iraq,0,53405689130,13653356,43
549,1984,Iraq,0,46802508845,15205501,23
699,1988,Iraq,0,62503055645,16651807,27
861,1992,Iraq,0,,18458187,8
1040,1996,Iraq,0,,20845893,3
1237,2000,Iraq,0,,23565413,4
1435,2004,Iraq,0,36627901762,26316609,24
1635,2008,Iraq,0,1.31614E+11,29111417,4
1839,2012,Iraq,0,2.18001E+11,32776571,8
2043,2016,Iraq,0,1.71489E+11,37202572,20
37,1964,Ireland,1,2766608946,2866550,25
140,1968,Ireland,0,3278584478,2915550,31
252,1972,Ireland,0,6325627655,3036850,59
364,1976,Ireland,0,9465078121,3238050,44
447,1980,Ireland,2,21773901117,3412800,47
550,1984,Ireland,1,20130728274,3532423,42
700,1988,Ireland,0,37818133413,3524949,61
862,1992,Ireland,2,55985505159,3558430,58
1041,1996,Ireland,4,75880630040,3637510,78
1238,2000,Ireland,1,99853528745,3805174,64
1436,2004,Ireland,0,1.9387E+11,4070262,46
1636,2008,Ireland,3,2.7502E+11,4489544,55
1840,2012,Ireland,5,2.25572E+11,4586897,64
2044,2016,Ireland,2,3.04819E+11,4773095,76
38,1964,Israel,0,3405333333,2475000,10
141,1968,Israel,0,4619000000,2803000,29
253,1972,Israel,0,8771500000,3148000,14
365,1976,Israel,0,15176875000,3533000,26
551,1984,Israel,0,29148462483,4159000,32
701,1988,Israel,0,50078767903,4442000,18
863,1992,Israel,2,75575902932,5123000,30
1042,1996,Israel,1,1.09957E+11,5692000,25
1239,2000,Israel,1,1.32339E+11,6289000,39
1437,2004,Israel,2,1.35445E+11,6809000,36
1637,2008,Israel,1,2.1584E+11,7308800,43
1841,2012,Israel,0,2.57297E+11,7910500,37
2045,2016,Israel,2,3.17745E+11,8547100,47
39,1964,Italy,27,63175417019,51675350,167
142,1968,Italy,16,87942231678,53235750,167
254,1972,Italy,18,1.44781E+11,54381345,224
366,1976,Italy,13,2.23976E+11,55718260,210
448,1980,Italy,15,4.75683E+11,56433883,159
552,1984,Italy,32,4.36443E+11,56576718,268
702,1988,Italy,14,8.88668E+11,56629288,253
864,1992,Italy,19,1.31581E+12,56797087,304
1043,1996,Italy,35,1.30893E+12,56860281,340
1240,2000,Italy,34,1.14176E+12,56942108,361
1438,2004,Italy,32,1.79831E+12,57685327,364
1638,2008,Italy,27,2.39073E+12,58826731,333
1842,2012,Italy,28,2.07282E+12,59539717,281
2046,2016,Italy,28,1.85891E+12,60600590,309
40,1964,Ivory Coast,0,921063266,4157965,9
143,1968,Ivory Coast,0,1281281246,4834279,10
255,1972,Ivory Coast,0,1849400600,5737281,11
367,1976,Ivory Coast,0,4662053708,6922982,8
553,1984,Ivory Coast,1,6841638715,9826055,15
703,1988,Ivory Coast,0,10255170460,11424260,28
865,1992,Ivory Coast,0,11152971316,13163019,13
1044,1996,Ivory Coast,0,12139234939,14995249,11
1241,2000,Ivory Coast,0,10717022463,16686561,14
1439,2004,Ivory Coast,0,16554441847,17997738,5
1639,2008,Ivory Coast,0,24224903100,19497986,21
1843,2012,Ivory Coast,0,27040562587,21418603,9
2047,2016,Ivory Coast,2,36372613023,23695919,12
41,1964,Jamaica,0,897931401,1730486,21
144,1968,Jamaica,1,1083883355,1825633,25
256,1972,Jamaica,1,1875048860,1934828,33
368,1976,Jamaica,2,2966010230,2055085,20
449,1980,Jamaica,3,2679409453,2163045,18
554,1984,Jamaica,3,2373566957,2308947,45
704,1988,Jamaica,2,3828310735,2393534,35
866,1992,Jamaica,4,3530892749,2465362,36
1045,1996,Jamaica,6,6504445801,2561993,46
1242,2000,Jamaica,9,8929375580,2656864,48
1440,2004,Jamaica,5,10150978155,2728777,47
1640,2008,Jamaica,9,13678606692,2790122,50
1844,2012,Jamaica,12,14800165407,2840992,45
2048,2016,Jamaica,11,14056908749,2881355,56
42,1964,Japan,29,81749006382,97826000,328
145,1968,Japan,25,1.46601E+11,101061000,171
257,1972,Japan,29,3.16393E+11,107188000,184
369,1976,Japan,25,5.83143E+11,112771000,213
555,1984,Japan,31,1.30974E+12,120018000,226
705,1988,Japan,14,3.05064E+12,122613000,255
867,1992,Japan,22,3.89783E+12,124229000,256
1046,1996,Japan,14,4.83371E+12,125757000,306
1243,2000,Japan,18,4.88752E+12,126843000,266
1441,2004,Japan,37,4.81515E+12,127761000,305
1641,2008,Japan,25,5.03791E+12,128063000,332
1845,2012,Japan,38,6.20321E+12,127629000,291
2049,2016,Japan,41,4.94016E+12,126994511,335
450,1980,Jordan,0,3910036925,2374422,4
556,1984,Jordan,0,4966710013,2780428,13
706,1988,Jordan,0,6277197435,3252672,7
868,1992,Jordan,0,5311329067,3968198,4
1047,1996,Jordan,0,6928359238,4716373,5
1244,2000,Jordan,0,8460424401,5103130,8
1442,2004,Jordan,0,11411390409,5535595,8
1642,2008,Jordan,0,21972004086,6489822,7
1846,2012,Jordan,0,30937277606,7992573,9
2050,2016,Jordan,1,38654727746,9455802,8
1048,1996,Kazakhstan,11,21035357833,15577894,96
1245,2000,Kazakhstan,7,18291990619,14883626,130
1443,2004,Kazakhstan,8,43151647003,15012985,114
1643,2008,Kazakhstan,13,1.33442E+11,15674000,130
1847,2012,Kazakhstan,13,2.07999E+11,16791425,113
2051,2016,Kazakhstan,18,1.37278E+11,17797032,101
43,1964,Kenya,1,998759334,9200157,37
146,1968,Kenya,9,1353295458,10502245,39
258,1972,Kenya,9,2107279157,12083188,57
557,1984,Kenya,3,6191437070,18937738,61
707,1988,Kenya,9,8355380879,21871442,74
869,1992,Kenya,8,8209129172,24963953,49
1049,1996,Kenya,8,12045858436,28147734,52
1246,2000,Kenya,7,12705357103,31450483,56
1444,2004,Kenya,7,16095337094,35074931,46
1644,2008,Kenya,15,35895153328,39148416,46
1848,2012,Kenya,11,50412754822,43646629,47
2052,2016,Kenya,13,70529014778,48461567,79
1445,2004,Kiribati,0,102367039,90542,3
1645,2008,Kiribati,0,139125482,98440,2
1849,2012,Kiribati,0,188045662,106613,3
2053,2016,Kiribati,0,181551485,114395,3
2054,2016,Kosovo,1,6649888889,1816200,8
147,1968,Kuwait,0,2663119574,634897,2
259,1972,Kuwait,0,4451200973,854604,4
370,1976,Kuwait,0,13131668947,1089209,15
451,1980,Kuwait,0,28638550499,1372318,56
558,1984,Kuwait,0,21697297872,1655833,23
708,1988,Kuwait,0,20692472760,2038885,25
870,1992,Kuwait,0,19858555215,,32
1050,1996,Kuwait,0,31493987642,1631740,25
1247,2000,Kuwait,1,37711864407,2050741,29
1446,2004,Kuwait,0,59440108585,2207939,11
1646,2008,Kuwait,0,1.47396E+11,2652340,8
1850,2012,Kuwait,1,1.7407E+11,3395556,10
1051,1996,Kyrgyzstan,0,1827570586,4628400,33
1248,2000,Kyrgyzstan,1,1369693171,4898400,48
1447,2004,Kyrgyzstan,0,2211535312,5104700,29
1647,2008,Kyrgyzstan,2,5139957785,5318700,20
1851,2012,Kyrgyzstan,0,6605139933,5607200,14
2055,2016,Kyrgyzstan,0,6551287938,6082700,19
452,1980,Laos,0,,3258144,19
709,1988,Laos,0,598961269,4020295,3
871,1992,Laos,0,1127806945,4502363,6
1052,1996,Laos,0,1873671550,4957180,5
1249,2000,Laos,0,1731198022,5329304,3
1448,2004,Laos,0,2366398120,5664605,5
1648,2008,Laos,0,5443915121,6052190,4
1852,2012,Laos,0,10191350120,6415169,3
2056,2016,Laos,0,15903329473,6758353,5
872,1992,Latvia,3,,2614338,34
1053,1996,Latvia,1,5970044666,2457222,47
1250,2000,Latvia,3,7937758980,2367550,45
1449,2004,Latvia,4,14373269156,2263122,32
1649,2008,Latvia,3,35596016664,2177322,47
1853,2012,Latvia,2,28119996053,2034319,45
2057,2016,Latvia,0,27572698482,1960424,32
44,1964,Lebanon,0,,2041207,5
148,1968,Lebanon,0,,2210959,11
260,1972,Lebanon,1,,2416735,19
371,1976,Lebanon,0,,2598354,3
453,1980,Lebanon,1,,2605293,15
559,1984,Lebanon,0,,2667220,22
710,1988,Lebanon,0,3313540068,2668585,21
873,1992,Lebanon,0,5545921947,2821862,12
1054,1996,Lebanon,0,13690217333,3070960,1
1251,2000,Lebanon,0,17260364842,3235366,6
1450,2004,Lebanon,0,20955223881,3863267,5
1650,2008,Lebanon,0,29227350570,4111047,6
1854,2012,Lebanon,0,43868565282,4916404,10
2058,2016,Lebanon,0,49598825982,6006668,9
261,1972,Lesotho,0,80915832,1076340,1
454,1980,Lesotho,0,431561376,1310118,5
560,1984,Lesotho,0,333158476,1442212,4
711,1988,Lesotho,0,470389180,1550262,6
874,1992,Lesotho,0,831033941,1667121,6
1055,1996,Lesotho,0,946123276,1787273,9
1252,2000,Lesotho,0,887295268,1868699,6
1451,2004,Lesotho,0,1511236656,1933728,3
1651,2008,Lesotho,0,1870722801,1999930,5
1855,2012,Lesotho,0,2678494689,2089928,4
2059,2016,Lesotho,0,2291321667,2203821,8
45,1964,Liberia,0,218929100,1224344,1
262,1972,Liberia,0,368098000,1493711,5
561,1984,Liberia,0,848478300,2159089,7
712,1988,Liberia,0,1038300000,2165090,8
1056,1996,Liberia,0,159400000,2191179,5
1253,2000,Liberia,0,529064600,2884522,8
1452,2004,Liberia,0,474700000,3176414,2
1652,2008,Liberia,0,850040500,3662993,3
1856,2012,Liberia,0,1735500000,4181563,3
2060,2016,Liberia,0,2101000000,4613823,2
149,1968,Libya,0,,1958914,1
455,1980,Libya,0,,3219466,29
713,1988,Libya,0,,4220418,6
875,1992,Libya,0,33881392045,4651004,5
1057,1996,Libya,0,27884615385,5035884,5
1254,2000,Libya,0,38270206950,5355751,3
1453,2004,Libya,0,33122307692,5704759,8
1653,2008,Libya,0,87140405361,6053078,6
1857,2012,Libya,0,,6198258,4
2061,2016,Libya,0,,6293253,7
46,1964,Liechtenstein,0,,18170,2
150,1968,Liechtenstein,0,,20236,2
263,1972,Liechtenstein,0,124941925,22151,6
372,1976,Liechtenstein,0,272493879,23926,6
562,1984,Liechtenstein,0,502617355,27011,7
714,1988,Liechtenstein,0,1161757671,28095,12
876,1992,Liechtenstein,0,1631197909,29497,7
1058,1996,Liechtenstein,0,2504033252,31325,2
1255,2000,Liechtenstein,0,2483953103,33286,2
1454,2004,Liechtenstein,0,3454362686,34596,1
1654,2008,Liechtenstein,0,5081432924,35541,2
1858,2012,Liechtenstein,0,5456009385,36545,3
2062,2016,Liechtenstein,0,,37666,3
877,1992,Lithuania,2,,3700114,47
1059,1996,Lithuania,1,8385109020,3601613,61
1256,2000,Lithuania,5,11539211480,3499536,61
1455,2004,Lithuania,3,22649930576,3377075,59
1655,2008,Lithuania,5,47850551149,3198231,71
1859,2012,Lithuania,5,42847900766,2987773,62
2063,2016,Lithuania,4,42738875963,2872298,67
47,1964,Luxembourg,0,903158754,327750,12
151,1968,Luxembourg,0,1066447131,335850,5
264,1972,Luxembourg,0,1968733022,346600,11
373,1976,Luxembourg,0,3544268025,360731,8
456,1980,Luxembourg,0,6232005656,364150,3
563,1984,Luxembourg,0,4594891581,365998,5
715,1988,Luxembourg,0,9750161053,373450,8
878,1992,Luxembourg,0,16065740778,392175,6
1060,1996,Luxembourg,0,21776609772,414225,6
1257,2000,Luxembourg,0,21263514833,436300,7
1456,2004,Luxembourg,0,34685281848,458095,10
1656,2008,Luxembourg,0,55849686539,488650,13
1860,2012,Luxembourg,0,56677961787,530946,9
2064,2016,Luxembourg,0,58631324559,582972,10
1061,1996,Macedonia,0,4422160018,1989443,11
1258,2000,Macedonia,1,3772851420,2034819,10
1457,2004,Macedonia,0,5682719260,2057047,10
1657,2008,Macedonia,0,9909548411,2067378,7
1861,2012,Macedonia,0,9745251126,2074036,4
2065,2016,Macedonia,0,10899583155,2081206,6
48,1964,Madagascar,0,802482183,5625164,3
152,1968,Madagascar,0,1031669636,6234465,4
265,1972,Madagascar,0,1341590682,6946620,11
457,1980,Madagascar,0,4042139901,8716553,11
564,1984,Madagascar,0,2939485472,9780872,5
879,1992,Madagascar,0,3024459564,12301336,13
1062,1996,Madagascar,0,3995028593,13902688,11
1259,2000,Madagascar,0,3877673539,15766806,11
1458,2004,Madagascar,0,4363934494,17802997,8
1658,2008,Madagascar,0,9413002921,19996469,6
1862,2012,Madagascar,0,9919780071,22346573,7
2066,2016,Madagascar,0,10001193420,24894551,6
266,1972,Malawi,0,406084197,4859610,16
565,1984,Malawi,0,1208026080,6895928,15
716,1988,Malawi,0,1379923808,8636935,16
880,1992,Malawi,0,1799529357,9729717,4
1063,1996,Malawi,0,2281039098,10109789,2
1260,2000,Malawi,0,1743506287,11376172,2
1459,2004,Malawi,0,3476094499,12676038,4
1659,2008,Malawi,0,5320925102,14271234,4
1863,2012,Malawi,0,6028470989,16097305,3
2067,2016,Malawi,0,5433038647,18091575,5
49,1964,Malaysia,0,2674441396,9253963,61
153,1968,Malaysia,0,3330393310,10297801,31
267,1972,Malaysia,0,5043268549,11324251,45
374,1976,Malaysia,0,11050125905,12468893,23
566,1984,Malaysia,0,33943505718,15191625,21
717,1988,Malaysia,0,35271880250,17027588,9
881,1992,Malaysia,1,59167157498,19012724,26
1064,1996,Malaysia,2,1.00855E+11,21023321,35
1261,2000,Malaysia,0,93789736842,23185608,40
1460,2004,Malaysia,0,1.2475E+11,25174109,26
1660,2008,Malaysia,1,2.30814E+11,27111069,32
1864,2012,Malaysia,2,3.14443E+11,29170456,29
2068,2016,Malaysia,5,2.96536E+11,31187265,32
718,1988,Maldives,0,168610478,209885,7
882,1992,Maldives,0,284853359,234000,7
1065,1996,Maldives,0,450382328,262000,6
1262,2000,Maldives,0,624337145,286000,4
1461,2004,Maldives,0,1226829565,312000,4
1661,2008,Maldives,0,2271646188,362000,4
1865,2012,Maldives,0,2886170570,385000,5
2069,2016,Maldives,0,4224209599,417492,4
50,1964,Mali,0,,5503752,2
154,1968,Mali,0,343771965,5780835,2
268,1972,Mali,0,486617332,6147458,3
458,1980,Mali,0,1759690812,7090126,7
567,1984,Mali,0,1232932008,7693667,4
719,1988,Mali,0,2169040742,8180728,6
883,1992,Mali,0,2830673389,8868263,5
1066,1996,Mali,0,2780422212,9856810,3
1263,2000,Mali,0,2954129566,10967690,5
1462,2004,Mali,0,5444474268,12391906,21
1662,2008,Mali,0,9750822511,14138216,17
1866,2012,Mali,0,12442747897,16006670,6
2070,2016,Mali,0,14034980334,17994837,6
155,1968,Malta,0,,307900,1
269,1972,Malta,0,295118249,302450,5
459,1980,Malta,0,1250242108,316645,8
568,1984,Malta,0,1101828569,330593,7
720,1988,Malta,0,2019474244,347325,6
884,1992,Malta,0,3021910217,367618,6
1067,1996,Malta,0,3570271558,379905,7
1264,2000,Malta,0,4306192436,390087,7
1463,2004,Malta,0,6062780269,401268,7
1663,2008,Malta,0,8977149553,409379,6
1867,2012,Malta,0,9203729739,419455,5
2071,2016,Malta,0,10999047580,436947,7
1664,2008,Marshall Islands,0,152788700,52218,5
1868,2012,Marshall Islands,0,185210500,52663,4
2072,2016,Marshall Islands,0,194497900,53066,5
569,1984,Mauritania,0,726937321,1720812,2
721,1988,Mauritania,0,957377507,1923002,6
885,1992,Mauritania,0,1464392416,2141445,6
1068,1996,Mauritania,0,1442598431,2397245,4
1265,2000,Mauritania,0,1293654175,2709359,2
1464,2004,Mauritania,0,1833444740,3042823,2
1665,2008,Mauritania,0,3978425881,3407541,2
1869,2012,Mauritania,0,5225533500,3830239,2
2073,2016,Mauritania,0,4739298730,4301018,2
570,1984,Mauritius,0,1044928625,1012221,4
722,1988,Mauritius,0,2143484488,1043239,8
886,1992,Mauritius,0,3224267548,1084441,13
1069,1996,Mauritius,0,4421943910,1133996,26
1266,2000,Mauritius,0,4582555125,1186873,20
1465,2004,Mauritius,0,6385695187,1221003,9
1666,2008,Mauritius,1,9990370016,1244121,11
1870,2012,Mauritius,0,11668685524,1255882,11
2074,2016,Mauritius,0,12168437744,1263473,11
51,1964,Mexico,1,20070136000,43264272,94
156,1968,Mexico,9,29363632000,48894019,274
270,1972,Mexico,1,45178120000,55478151,174
375,1976,Mexico,2,89023915584,62623763,97
460,1980,Mexico,4,1.94357E+11,69360871,45
571,1984,Mexico,6,1.75632E+11,75780605,99
723,1988,Mexico,2,1.83144E+11,82083919,83
887,1992,Mexico,1,3.63609E+11,88828310,102
1070,1996,Mexico,1,3.97404E+11,95687452,98
1267,2000,Mexico,6,6.83648E+11,101719673,78
1466,2004,Mexico,4,7.70268E+11,106995583,109
1667,2008,Mexico,3,1.10128E+12,113661809,83
1871,2012,Mexico,7,1.1866E+12,120828307,99
2075,2016,Mexico,5,1.04692E+12,127540423,123
1268,2000,Micronesia,0,233226300,107432,5
1467,2004,Micronesia,0,240097000,106577,5
1668,2008,Micronesia,0,262868600,104478,5
1872,2012,Micronesia,0,326128700,103503,6
2076,2016,Micronesia,0,329895600,104937,5
1071,1996,Moldova,2,1695130457,3667748,40
1269,2000,Moldova,2,1288429151,3639592,34
1468,2004,Moldova,0,2598231467,3603945,33
1669,2008,Moldova,1,6054806101,3570108,29
1873,2012,Moldova,2,7284686576,3559519,20
2077,2016,Moldova,0,6749515655,3552000,23
52,1964,Monaco,0,,23236,1
157,1968,Monaco,0,,23304,2
271,1972,Monaco,0,402460333,24051,5
376,1976,Monaco,0,735339912,25523,8
572,1984,Monaco,0,1037314956,28512,8
724,1988,Monaco,0,2000674667,29235,9
888,1992,Monaco,0,2737066956,29863,2
1072,1996,Monaco,0,3137848783,30967,3
1270,2000,Monaco,0,2647883820,32082,4
1469,2004,Monaco,0,4110348444,33314,3
1670,2008,Monaco,0,6919241412,35853,5
1874,2012,Monaco,0,,37783,6
2078,2016,Monaco,0,,38499,3
53,1964,Mongolia,0,,1074514,21
158,1968,Mongolia,4,,1207104,16
272,1972,Mongolia,1,,1356670,39
377,1976,Mongolia,1,,1520865,32
461,1980,Mongolia,4,,1689622,43
725,1988,Mongolia,1,3204461567,2089714,28
889,1992,Mongolia,2,1317611864,2243502,33
1073,1996,Mongolia,1,1345719472,2316567,16
1271,2000,Mongolia,0,1136896124,2397436,20
1470,2004,Mongolia,1,1992066808,2496832,20
1671,2008,Mongolia,4,5623216449,2628131,28
1875,2012,Mongolia,5,12292770631,2814226,29
2079,2016,Mongolia,2,11183458131,3027398,43
1672,2008,Montenegro,0,4545674528,616969,19
1876,2012,Montenegro,1,4087724528,620601,33
2080,2016,Montenegro,0,4374127212,622781,35
54,1964,Morocco,0,2798339769,13857142,20
159,1968,Morocco,0,3271415868,15302947,25
273,1972,Morocco,0,5074117545,16695003,35
378,1976,Morocco,0,9584323309,18210754,9
573,1984,Morocco,2,14824728528,22037610,34
726,1988,Morocco,3,25705296184,23961820,27
890,1992,Morocco,3,33711069431,25791494,44
1074,1996,Morocco,2,43161452678,27460603,34
1272,2000,Morocco,5,38857251336,28849621,55
1471,2004,Morocco,3,59626020162,30179285,55
1673,2008,Morocco,2,92507257784,31596855,47
1877,2012,Morocco,1,98266306615,33333789,63
2081,2016,Morocco,1,1.03606E+11,35276786,48
462,1980,Mozambique,0,3526287037,11848331,14
574,1984,Mozambique,0,3376172170,12853780,9
727,1988,Mozambique,0,2093571674,13002553,8
891,1992,Mozambique,0,2291175765,14071231,6
1075,1996,Mozambique,1,3523842275,16248232,3
1273,2000,Mozambique,1,5016469069,18067687,4
1472,2004,Mozambique,0,6831808930,20312705,4
1674,2008,Mozambique,0,11494837053,22846758,4
1878,2012,Mozambique,0,14534278446,25676606,6
2082,2016,Mozambique,0,11014858592,28829476,6
55,1964,Myanmar,0,,22867741,11
160,1968,Myanmar,0,,25128116,4
274,1972,Myanmar,0,,27680144,17
463,1980,Myanmar,0,,33369712,2
575,1984,Myanmar,0,,36468888,1
728,1988,Myanmar,0,,39362142,2
892,1992,Myanmar,0,,41711465,4
1076,1996,Myanmar,0,,43793310,3
1274,2000,Myanmar,0,8905066164,46095462,7
1473,2004,Myanmar,0,10567354056,48073707,2
1675,2008,Myanmar,0,31862554102,49479752,6
1879,2012,Myanmar,0,59937797559,50986514,6
2083,2016,Myanmar,0,63225097051,52885223,7
893,1992,Namibia,2,3448326858,1513721,6
1077,1996,Namibia,2,3945340776,1706489,8
1275,2000,Namibia,0,3908661518,1899257,11
1474,2004,Namibia,0,6606858786,2009228,8
1676,2008,Namibia,0,8486721917,2106375,10
1880,2012,Namibia,0,13016272899,2263934,9
2084,2016,Namibia,0,10947880690,2479713,10
1078,1996,Nauru,0,,10033,3
1276,2000,Nauru,0,,10042,2
1475,2004,Nauru,0,,10113,3
1677,2008,Nauru,0,39333572,10047,1
1881,2012,Nauru,0,103811959,10279,2
2085,2016,Nauru,0,102060130,13049,2
56,1964,Nepal,0,496098775,10728197,6
275,1972,Nepal,0,1024098805,12499429,2
379,1976,Nepal,0,1452792989,13621110,1
464,1980,Nepal,0,1945916583,14902163,10
576,1984,Nepal,0,2581207388,16347242,10
729,1988,Nepal,0,3487009748,17873667,16
894,1992,Nepal,0,3401211581,19773772,2
1079,1996,Nepal,0,4521580381,21903379,6
1277,2000,Nepal,0,5494252208,23740911,5
1476,2004,Nepal,0,7273938315,25309449,6
1678,2008,Nepal,0,12545438605,26475859,8
1882,2012,Nepal,0,18851513891,27649925,5
2086,2016,Nepal,0,21131983246,28982771,7
57,1964,Netherlands,10,18699380731,12127120,125
161,1968,Netherlands,7,27817605743,12729721,107
276,1972,Netherlands,5,54008338918,13328593,119
380,1976,Netherlands,5,1.07775E+11,13774037,108
465,1980,Netherlands,3,1.92661E+11,14149800,75
577,1984,Netherlands,13,1.42076E+11,14424211,136
730,1988,Netherlands,9,2.58568E+11,14760094,147
895,1992,Netherlands,15,3.5833E+11,15184166,201
1080,1996,Netherlands,19,4.45705E+11,15530498,239
1278,2000,Netherlands,25,4.12807E+11,15925513,231
1477,2004,Netherlands,22,6.50533E+11,16281779,210
1679,2008,Netherlands,16,9.36228E+11,16445593,237
1883,2012,Netherlands,20,8.28947E+11,16754962,173
2087,2016,Netherlands,19,7.77228E+11,17018408,237
58,1964,New Zealand,5,7274144351,2585400,64
162,1968,New Zealand,3,5180597621,2748100,52
277,1972,New Zealand,3,9567331065,2903900,89
381,1976,New Zealand,4,13604832424,3110500,80
466,1980,New Zealand,0,23245512449,3112900,4
578,1984,New Zealand,11,21665456808,3227100,130
731,1988,New Zealand,13,45176167472,3283400,83
896,1992,New Zealand,10,41649298171,3531700,134
1081,1996,New Zealand,6,70140835299,3732000,95
1279,2000,New Zealand,4,52623281957,3857700,147
1478,2004,New Zealand,5,1.03906E+11,4087500,148
1680,2008,New Zealand,9,1.3328E+11,4259800,178
1884,2012,New Zealand,13,1.76193E+11,4408100,178
2088,2016,New Zealand,18,1.84969E+11,4692700,195
163,1968,Nicaragua,0,,2256782,11
278,1972,Nicaragua,0,,2549774,8
382,1976,Nicaragua,0,,2884155,15
467,1980,Nicaragua,0,,3249910,5
579,1984,Nicaragua,0,,3619253,5
897,1992,Nicaragua,0,1792800000,4331277,8
1082,1996,Nicaragua,0,4308351903,4700779,26
1280,2000,Nicaragua,0,5107329007,5026796,6
1479,2004,Nicaragua,0,5795568205,5309703,5
1681,2008,Nicaragua,0,8496965842,5594506,6
1885,2012,Nicaragua,0,10532001130,5877108,6
2089,2016,Nicaragua,0,13230844687,6149928,5
59,1964,Niger,0,582816396,3802640,1
164,1968,Niger,0,641214227,4263745,2
279,1972,Niger,1,742779659,4768078,4
580,1984,Niger,0,1461243327,6720344,4
732,1988,Niger,0,2280356194,7540253,6
898,1992,Niger,0,2344987614,8549424,3
1083,1996,Niger,0,1987770899,9819964,3
1281,2000,Niger,0,1798374468,11352973,4
1480,2004,Niger,0,3052898739,13127012,4
1682,2008,Niger,0,5403363917,15228525,4
1886,2012,Niger,0,6942209595,17731634,6
2090,2016,Niger,1,7528387858,20672987,6
60,1964,Nigeria,1,5552822484,49066059,18
165,1968,Nigeria,0,5200895982,53505978,36
280,1972,Nigeria,1,12274416018,58662603,25
468,1980,Nigeria,0,64201788123,73460724,44
581,1984,Nigeria,2,28500815241,81497739,32
733,1988,Nigeria,0,23272161397,90450281,69
899,1992,Nigeria,4,29300903643,100221563,55
1084,1996,Nigeria,6,34987951375,110732904,65
1282,2000,Nigeria,3,46386011231,122352009,83
1481,2004,Nigeria,2,87845420504,135393616,70
1683,2008,Nigeria,4,2.08065E+11,150347390,74
1887,2012,Nigeria,0,4.60954E+11,167297284,49
2091,2016,Nigeria,1,4.04653E+11,185989640,71
281,1972,North Korea,5,,15207771,37
383,1976,North Korea,2,,16554746,38
469,1980,North Korea,5,,17472140,47
900,1992,North Korea,9,,20937404,64
1085,1996,North Korea,5,,22113548,24
1283,2000,North Korea,4,,22929075,31
1482,2004,North Korea,5,,23729498,36
1684,2008,North Korea,6,,24335146,58
1888,2012,North Korea,6,,24854034,51
2092,2016,North Korea,7,,25368620,30
61,1964,Norway,0,7159202706,3694339,26
166,1968,Norway,2,10159934137,3816486,46
282,1972,Norway,4,17358610850,3933004,112
384,1976,Norway,2,35942270686,4026152,66
582,1984,Norway,3,62057955033,4140099,103
734,1988,Norway,5,1.019E+11,4209488,69
901,1992,Norway,7,1.30838E+11,4286401,83
1086,1996,Norway,7,1.63518E+11,4381336,97
1284,2000,Norway,10,1.71316E+11,4490967,93
1483,2004,Norway,6,2.64357E+11,4591910,52
1685,2008,Norway,9,4.62554E+11,4768212,84
1889,2012,Norway,4,5.10229E+11,5018573,61
2093,2016,Norway,4,3.71076E+11,5232929,62
583,1984,Oman,0,8821366532,1431077,16
735,1988,Oman,0,8386215865,1678116,8
902,1992,Oman,0,12452275683,1983277,5
1087,1996,Oman,0,15277763329,2236666,4
1285,2000,Oman,0,19507412224,2267991,6
1484,2004,Oman,0,24763589077,2444751,2
1686,2008,Oman,0,60905331599,2759014,4
1890,2012,Oman,0,76689583355,3464644,3
2094,2016,Oman,0,66293368010,4424762,4
62,1964,Pakistan,1,5130407728,49551904,41
167,1968,Pakistan,1,8090088555,55042397,15
283,1972,Pakistan,1,9309109764,61338261,25
385,1976,Pakistan,1,13338484980,68813220,24
584,1984,Pakistan,1,31151824659,89228949,31
736,1988,Pakistan,1,38472741737,101474835,30
903,1992,Pakistan,1,48635176853,113747135,27
1088,1996,Pakistan,0,63320122807,125938339,24
1286,2000,Pakistan,0,73952374970,138523285,27
1485,2004,Pakistan,0,97977766198,150780300,26
1687,2008,Pakistan,0,1.70078E+11,163644603,21
1891,2012,Pakistan,0,2.24384E+11,177911533,20
2095,2016,Pakistan,0,2.78913E+11,193203476,7
1287,2000,Palau,0,147832600,19175,5
1486,2004,Palau,0,173373900,19804,4
1688,2008,Palau,0,196711500,20228,5
1892,2012,Palau,0,215095100,20758,5
2096,2016,Palau,0,310248300,21503,5
1089,1996,Palestine,0,3409600000,2587997,1
1288,2000,Palestine,0,4313600000,2922153,2
1487,2004,Palestine,0,4329200000,3236626,3
1689,2008,Palestine,0,6673500000,3596688,4
1893,2012,Palestine,0,11279400000,4046901,5
2097,2016,Palestine,0,13397100000,4551566,6
63,1964,Panama,0,776137500,1276276,10
168,1968,Panama,0,1112791100,1434657,16
284,1972,Panama,0,1673411700,1607834,7
386,1976,Panama,0,2588106000,1791453,8
585,1984,Panama,0,6183387100,2170409,8
737,1988,Panama,0,5902783400,2368618,6
904,1992,Panama,0,8042337700,2576018,5
1090,1996,Panama,0,9870494000,2796344,7
1289,2000,Panama,0,12304115000,3030347,6
1488,2004,Panama,0,15013381700,3269541,4
1690,2008,Panama,1,24522200000,3516268,5
1894,2012,Panama,0,39954761200,3772938,8
2098,2016,Panama,0,55187700000,4034119,10
387,1976,Papua New Guinea,0,1511856584,2957339,6
586,1984,Papua New Guinea,0,2552526263,3694041,7
738,1988,Papua New Guinea,0,3655979702,4100729,11
905,1992,Papua New Guinea,0,4377984100,4535520,13
1091,1996,Papua New Guinea,0,5155485420,5022437,11
1290,2000,Papua New Guinea,0,3521348155,5572222,5
1489,2004,Papua New Guinea,0,3927157867,6161517,4
1691,2008,Papua New Guinea,0,11670678864,6787187,7
1895,2012,Papua New Guinea,0,21295834133,7430836,8
2099,2016,Papua New Guinea,0,20213214172,8084991,8
169,1968,Paraguay,0,477012513,2350901,1
285,1972,Paraguay,0,697291728,2596739,3
388,1976,Paraguay,0,1540820245,2861581,4
587,1984,Paraguay,0,4067222369,3567752,14
739,1988,Paraguay,0,4082625953,3994331,10
906,1992,Paraguay,0,7157424031,4432736,27
1092,1996,Paraguay,0,9788391733,4870694,7
1291,2000,Paraguay,0,8195993231,5302700,5
1490,2004,Paraguay,1,8033877360,5703740,22
1692,2008,Paraguay,0,18504130753,6047117,7
1896,2012,Paraguay,0,24595319574,6379219,8
2100,2016,Paraguay,0,27424071383,6725308,11
64,1964,Peru,0,4356913870,11281015,31
170,1968,Peru,0,5736083835,12629329,28
286,1972,Peru,0,9189413409,14072476,20
389,1976,Peru,0,15947709380,15639901,13
470,1980,Peru,0,18134029180,17359120,28
588,1984,Peru,1,17599660054,19099584,35
740,1988,Peru,1,15439408447,20909895,21
907,1992,Peru,1,36139225288,22737056,16
1093,1996,Peru,0,55252414130,24441074,29
1292,2000,Peru,0,51744749133,25914879,21
1491,2004,Peru,0,66768703498,27273194,12
1693,2008,Peru,0,1.20551E+11,28641980,13
1897,2012,Peru,0,1.92649E+11,30158966,16
2101,2016,Peru,0,1.92207E+11,31773839,29
65,1964,Philippines,1,5271404668,29962876,47
171,1968,Philippines,0,7591603053,33797042,49
287,1972,Philippines,0,8017468688,37925400,53
390,1976,Philippines,0,17097563270,42461193,14
589,1984,Philippines,0,31408492877,52873974,19
741,1988,Philippines,1,37885440419,58845205,31
908,1992,Philippines,1,52976344929,65075486,26
1094,1996,Philippines,1,82848140618,71446107,12
1293,2000,Philippines,0,81026297144,77991569,20
1492,2004,Philippines,0,91371239765,84678493,16
1694,2008,Philippines,0,1.74195E+11,90751864,15
1898,2012,Philippines,0,2.50092E+11,96866642,11
2102,2016,Philippines,1,3.04905E+11,103320222,13
66,1964,Poland,23,,31139450,140
172,1968,Poland,18,,32294655,177
288,1972,Poland,21,,33055650,290
391,1976,Poland,26,,34356300,207
471,1980,Poland,32,,35574150,306
742,1988,Poland,16,,37824487,143
909,1992,Poland,19,94337050693,38363667,201
1095,1996,Poland,17,1.59943E+11,38624370,165
1294,2000,Poland,14,1.71886E+11,38258629,187
1493,2004,Poland,10,2.55102E+11,38182222,194
1695,2008,Poland,10,5.33816E+11,38125759,257
1899,2012,Poland,10,5.00284E+11,38063164,210
2103,2016,Poland,11,4.71364E+11,37948016,234
67,1964,Portugal,0,4235608178,9035365,20
173,1968,Portugal,0,6354262628,8836650,20
289,1972,Portugal,0,11240223128,8630430,29
392,1976,Portugal,2,20334835544,9355810,19
472,1980,Portugal,0,32899759311,9766312,11
590,1984,Portugal,3,25220451794,9996232,38
743,1988,Portugal,1,56352797354,10019610,65
910,1992,Portugal,0,1.07603E+11,9952494,90
1096,1996,Portugal,2,1.2263E+11,10063945,107
1295,2000,Portugal,2,1.18358E+11,10289898,61
1494,2004,Portugal,3,1.89187E+11,10483861,81
1696,2008,Portugal,2,2.62008E+11,10558177,77
1900,2012,Portugal,1,2.16368E+11,10514844,76
2104,2016,Portugal,1,2.04837E+11,10324611,90
68,1964,Puerto Rico,0,2570500000,2554066,32
174,1968,Puerto Rico,0,3941700000,2662064,58
290,1972,Puerto Rico,0,6328900000,2817256,53
393,1976,Puerto Rico,1,8968600000,3043854,80
473,1980,Puerto Rico,0,14436100000,3206000,3
591,1984,Puerto Rico,2,19162600000,3344190,51
744,1988,Puerto Rico,0,26178400000,3473898,47
911,1992,Puerto Rico,1,34630430000,3585176,71
1097,1996,Puerto Rico,1,45340835000,3724655,69
1296,2000,Puerto Rico,0,61701810000,3810605,29
1495,2004,Puerto Rico,0,80322313000,3826878,43
1697,2008,Puerto Rico,0,93639316000,3760866,22
1901,2012,Puerto Rico,2,1.01081E+11,3634488,25
2105,2016,Puerto Rico,1,,3411307,40
592,1984,Qatar,0,6704395824,341455,24
745,1988,Qatar,0,6038187033,443794,10
912,1992,Qatar,1,7646153984,495517,28
1098,1996,Qatar,0,9059340385,522304,12
1297,2000,Qatar,1,17759890110,592267,17
1496,2004,Qatar,0,31734065934,758855,15
1698,2008,Qatar,0,1.1527E+11,1389342,20
1902,2012,Qatar,2,1.86834E+11,2109568,12
2106,2016,Qatar,1,1.52452E+11,2569804,37
2107,2016,Refugee Olympic Athletes,0,,,10
69,1964,Republic of Congo,0,185693725,1152412,2
291,1972,Republic of Congo,0,410669263,1450518,6
474,1980,Republic of Congo,0,1705796850,1839935,23
593,1984,Republic of Congo,0,2193581366,2068132,9
746,1988,Republic of Congo,0,2212536313,2311348,7
913,1992,Republic of Congo,0,2933222706,2577035,7
1099,1996,Republic of Congo,0,2540697538,2879222,5
1298,2000,Republic of Congo,0,3219910666,3225727,5
1497,2004,Republic of Congo,0,4648628921,3605439,5
1699,2008,Republic of Congo,0,11859013281,4115435,5
1903,2012,Republic of Congo,0,13677930124,4633363,7
2108,2016,Republic of Congo,0,7833508879,5125821,10
70,1964,Romania,12,,18919126,138
175,1968,Romania,15,,19799831,82
292,1972,Romania,16,,20657957,159
394,1976,Romania,27,,21551634,157
475,1980,Romania,25,,22242653,226
594,1984,Romania,52,,22655940,124
747,1988,Romania,24,40809523810,23057662,68
914,1992,Romania,18,25121666667,22794284,173
1100,1996,Romania,19,37182938696,22619004,165
1299,2000,Romania,26,37438527800,22442971,145
1498,2004,Romania,19,76216441462,21451748,108
1700,2008,Romania,8,2.08182E+11,20537875,101
1904,2012,Romania,9,1.71665E+11,20058035,105
2109,2016,Romania,4,1.87592E+11,19705301,95
71,1964,Russia,93,,125345000,317
176,1968,Russia,91,,128928000,312
293,1972,Russia,99,,131909000,371
395,1976,Russia,125,,135147000,410
476,1980,Russia,195,,139010000,489
748,1988,Russia,131,,146857000,480
915,1992,Russia,112,4.60291E+11,148689000,475
1101,1996,Russia,63,3.9172E+11,148160042,390
1300,2000,Russia,89,2.59708E+11,146596557,435
1499,2004,Russia,90,5.91017E+11,144067054,446
1701,2008,Russia,72,1.66084E+12,142742350,454
1905,2012,Russia,82,2.21026E+12,143201676,429
2110,2016,Russia,56,1.28316E+12,144342396,284
595,1984,Rwanda,0,1587412957,5881906,3
749,1988,Rwanda,0,2395493878,7030179,6
916,1992,Rwanda,0,2029026704,6701851,10
1102,1996,Rwanda,0,1382334879,6115168,4
1301,2000,Rwanda,0,1734938264,8025703,5
1500,2004,Rwanda,0,2089188829,8818438,5
1702,2008,Rwanda,0,4860576609,9708169,4
1906,2012,Rwanda,0,7315702176,10788853,7
2111,2016,Rwanda,0,8376048905,11917508,7
1103,1996,Saint Kitts,0,318742963,43373,10
1302,2000,Saint Kitts,0,420515108,45374,2
1501,2004,Saint Kitts,0,502561630,47971,2
1703,2008,Saint Kitts,0,738942556,50332,4
1907,2012,Saint Kitts,0,734462667,52591,4
2112,2016,Saint Kitts,0,909854620,54821,6
1104,1996,Saint Lucia,0,662196185,149004,6
1303,2000,Saint Lucia,0,784159222,156949,5
1502,2004,Saint Lucia,0,893107222,162251,2
1704,2008,Saint Lucia,0,1282215407,169220,4
1908,2012,Saint Lucia,0,1436803333,174835,4
2113,2016,Saint Lucia,0,1667078704,178015,5
750,1988,Saint Vincent,0,200726704,106536,6
917,1992,Saint Vincent,0,277954111,108003,6
1105,1996,Saint Vincent,0,331489704,108075,8
1304,2000,Saint Vincent,0,396270000,107898,4
1503,2004,Saint Vincent,0,521975111,108559,3
1705,2008,Saint Vincent,0,695428852,109165,2
1909,2012,Saint Vincent,0,692933741,109328,3
2114,2016,Saint Vincent,0,768224227,109643,4
596,1984,Samoa,0,109200934,159283,8
751,1988,Samoa,0,133016065,161421,11
918,1992,Samoa,0,132303041,165570,5
1106,1996,Samoa,0,249908971,171283,5
1305,2000,Samoa,0,269019710,174610,5
1504,2004,Samoa,0,420320176,178781,3
1706,2008,Samoa,0,644132489,183526,6
1910,2012,Samoa,0,801168622,189194,8
2115,2016,Samoa,0,786356315,195125,8
177,1968,San Marino,0,,18589,4
294,1972,San Marino,0,,19398,7
396,1976,San Marino,0,,19980,10
477,1980,San Marino,0,,21361,16
597,1984,San Marino,0,,22455,19
752,1988,San Marino,0,,23466,11
919,1992,San Marino,0,,24749,17
1107,1996,San Marino,0,,26209,7
1306,2000,San Marino,0,1101897072,27418,4
1505,2004,San Marino,0,1877328036,28866,5
1707,2008,San Marino,0,2752307016,30351,4
1911,2012,San Marino,0,1800077091,31914,4
2116,2016,San Marino,0,1590707965,33203,4
1108,1996,Sao Tome and Principe,0,,128821,2
1307,2000,Sao Tome and Principe,0,,138606,2
1506,2004,Sao Tome and Principe,0,105360802,151969,2
1708,2008,Sao Tome and Principe,0,188021169,166913,3
1912,2012,Sao Tome and Principe,0,252560557,182889,2
2117,2016,Sao Tome and Principe,0,342781716,199910,3
295,1972,Saudi Arabia,0,9664157499,6393894,10
397,1976,Saudi Arabia,0,64005665722,7818613,14
598,1984,Saudi Arabia,0,1.19625E+11,12484967,37
753,1988,Saudi Arabia,0,88256074766,15155223,9
920,1992,Saudi Arabia,0,1.37088E+11,17378833,9
1109,1996,Saudi Arabia,0,1.58662E+11,19131578,29
1308,2000,Saudi Arabia,2,1.89515E+11,20764312,18
1507,2004,Saudi Arabia,0,2.58742E+11,23228890,16
1709,2008,Saudi Arabia,0,5.19797E+11,25940770,14
1913,2012,Saudi Arabia,1,7.35975E+11,29086357,18
2118,2016,Saudi Arabia,0,6.46438E+11,32275687,10
72,1964,Senegal,0,939145851,3580312,12
178,1968,Senegal,0,1034293645,4013539,21
296,1972,Senegal,0,1280328245,4525114,38
398,1976,Senegal,0,2266860656,5064674,21
478,1980,Senegal,0,3503282103,5592646,32
599,1984,Senegal,0,2705535756,6289327,24
754,1988,Senegal,1,4985153203,7107976,23
921,1992,Senegal,0,6004885321,8029725,20
1110,1996,Senegal,0,5065830414,8974077,11
1309,2000,Senegal,0,4679604754,9884052,26
1508,2004,Senegal,0,8031344381,10955944,15
1710,2008,Senegal,0,13439023281,12203957,15
1914,2012,Senegal,0,14225310519,13703513,31
2119,2016,Senegal,0,14683697631,15411614,22
73,1964,Serbia,5,,,75
179,1968,Serbia,8,,,69
297,1972,Serbia,5,,,126
399,1976,Serbia,8,,,88
479,1980,Serbia,9,,,164
600,1984,Serbia,18,,,139
755,1988,Serbia,12,,,155
1111,1996,Serbia,4,20948677840,7617794,68
1310,2000,Serbia,3,6540247190,7516346,109
1509,2004,Serbia,2,24861483281,7463157,85
1711,2008,Serbia,3,49259526053,7350222,87
1915,2012,Serbia,4,40742313861,7199077,116
2120,2016,Serbia,8,38299854688,7057412,103
480,1980,Seychelles,0,147357223,63261,11
601,1984,Seychelles,0,151313242,64717,9
922,1992,Seychelles,0,433667194,70763,11
1112,1996,Seychelles,0,503068472,76417,9
1311,2000,Seychelles,0,614879765,81131,9
1510,2004,Seychelles,0,839319927,82475,9
1712,2008,Seychelles,0,967199594,86956,9
1916,2012,Seychelles,0,1134267367,88303,6
2121,2016,Seychelles,0,1427323889,94677,10
180,1968,Sierra Leone,0,329860092,2596568,3
481,1980,Sierra Leone,0,1100685845,3365441,14
602,1984,Sierra Leone,0,1087471862,3699467,7
756,1988,Sierra Leone,0,1055083945,4152984,12
923,1992,Sierra Leone,0,679997998,4331332,11
1113,1996,Sierra Leone,0,941742153,4282350,14
1312,2000,Sierra Leone,0,635874002,4564297,3
1511,2004,Sierra Leone,0,1431208677,5439695,2
1713,2008,Sierra Leone,0,2505458705,6165372,3
1917,2012,Sierra Leone,0,3801862611,6766103,2
2122,2016,Sierra Leone,0,3736588554,7396190,4
181,1968,Singapore,0,1425029400,2012000,4
298,1972,Singapore,0,2719900351,2152400,7
400,1976,Singapore,0,6326445410,2293300,4
603,1984,Singapore,0,19735920492,2732221,5
757,1988,Singapore,0,25337226971,2846108,8
924,1992,Singapore,0,52156414979,3230698,14
1114,1996,Singapore,0,96403758865,3670704,14
1313,2000,Singapore,0,95833932715,4027887,14
1512,2004,Singapore,0,1.14189E+11,4166664,16
1714,2008,Singapore,1,1.92226E+11,4839396,25
1918,2012,Singapore,2,2.89162E+11,5312437,23
2123,2016,Singapore,1,2.96976E+11,5607283,25
1115,1996,Slovakia,3,27821913815,5373361,71
1314,2000,Slovakia,5,29114875622,5388720,108
1513,2004,Slovakia,6,57240535138,5372280,64
1715,2008,Slovakia,6,1.00325E+11,5379233,57
1919,2012,Slovakia,4,93413992956,5407579,47
2124,2016,Slovakia,4,89768598023,5428704,51
925,1992,Slovenia,2,,1996498,35
1116,1996,Slovenia,2,21480023017,1988628,37
1315,2000,Slovenia,2,20342201356,1988925,74
1514,2004,Slovenia,4,34470227454,1997012,79
1716,2008,Slovenia,5,55589849128,2021316,61
1920,2012,Slovenia,4,46352802766,2057159,65
2125,2016,Slovenia,4,44708598649,2064845,63
604,1984,Solomon Islands,0,252806783,262709,3
758,1988,Solomon Islands,0,310684274,294964,4
926,1992,Solomon Islands,0,378778047,329953,1
1117,1996,Solomon Islands,0,565163751,369469,4
1316,2000,Solomon Islands,0,435103853,412609,2
1515,2004,Solomon Islands,0,375111895,458324,2
1717,2008,Solomon Islands,0,608293860,504477,3
1921,2012,Solomon Islands,0,1025125082,551531,4
2126,2016,Solomon Islands,0,1202125000,599419,3
299,1972,Somalia,0,,3475022,3
605,1984,Somalia,0,,6747932,7
759,1988,Somalia,0,,7165295,5
1118,1996,Somalia,0,,7892389,4
1317,2000,Somalia,0,,9011479,2
1516,2004,Somalia,0,,10116228,2
1718,2008,Somalia,0,,11369276,2
1922,2012,Somalia,0,,12763776,2
2127,2016,Somalia,0,6217000000,14317996,2
927,1992,South Africa,2,1.34545E+11,38646788,93
1119,1996,South Africa,5,1.47608E+11,42210216,84
1318,2000,South Africa,5,1.36362E+11,44896856,127
1517,2004,South Africa,6,2.28937E+11,47001700.99,106
1719,2008,South Africa,1,2.871E+11,49557573.3,134
1923,2012,South Africa,6,3.96333E+11,52506515.08,124
2128,2016,South Africa,10,2.95456E+11,55908865,135
74,1964,South Korea,3,3458518494,27984155,153
182,1968,South Korea,2,6117260076,30838302,54
300,1972,South Korea,1,10842220469,33505406,42
401,1976,South Korea,6,29779338843,35848523,50
606,1984,South Korea,19,96597434180,40405956,174
760,1988,South Korea,33,1.96964E+11,42031247,400
928,1992,South Korea,28,3.50051E+11,43747962,225
1120,1996,South Korea,27,5.98099E+11,45524681,299
1319,2000,South Korea,28,5.61633E+11,47008111,279
1518,2004,South Korea,30,7.64881E+11,48082519,261
1720,2008,South Korea,31,1.00222E+12,49054708,263
1924,2012,South Korea,28,1.22281E+12,50199853,249
2129,2016,South Korea,21,1.41125E+12,51245707,207
2130,2016,South Sudan,0,,,3
75,1964,Spain,0,21343844644,31609195,51
183,1968,Spain,0,31475548481,33113134,122
301,1972,Spain,1,58971806627,34604469,123
402,1976,Spain,2,1.18185E+11,36137812,113
482,1980,Spain,6,2.32135E+11,37491165,155
607,1984,Spain,5,1.71635E+11,38330364,179
761,1988,Spain,4,3.75139E+11,38766939,229
929,1992,Spain,22,6.29202E+11,39157685,422
1121,1996,Spain,17,6.40998E+11,39889852,289
1320,2000,Spain,11,5.95403E+11,40567864,321
1519,2004,Spain,20,1.06956E+12,42921895,316
1721,2008,Spain,18,1.63502E+12,45954106,283
1925,2012,Spain,17,1.33602E+12,46773055,278
2131,2016,Spain,17,1.23726E+12,46443959,307
76,1964,Sri Lanka,0,1309747899,10903000,6
184,1968,Sri Lanka,0,1801344538,11992000,3
302,1972,Sri Lanka,0,2553936348,12861000,4
483,1980,Sri Lanka,0,4024621900,14747000,4
608,1984,Sri Lanka,0,6043474843,15583000,4
762,1988,Sri Lanka,0,6978371581,16593000,6
930,1992,Sri Lanka,0,9703011636,17524000,11
1122,1996,Sri Lanka,0,13897738375,18210000,9
1321,2000,Sri Lanka,1,16330814180,18655000,18
1520,2004,Sri Lanka,0,20662525941,19228000,7
1722,2008,Sri Lanka,0,40713812310,19817000,8
1926,2012,Sri Lanka,0,68434399083,20425000,7
2132,2016,Sri Lanka,0,81321876307,21203000,9
185,1968,Sudan,0,1947333333,9639840,5
303,1972,Sudan,0,2882000000,10974622,26
609,1984,Sudan,0,9701357143,16658054,7
763,1988,Sudan,0,15399166667,18866319,8
931,1992,Sudan,0,7034219713,21701476,6
1123,1996,Sudan,0,9018243044,24786190,4
1322,2000,Sudan,0,12257418326,27250535,3
1521,2004,Sudan,0,21457470203,30186341,4
1723,2008,Sudan,1,54526580232,32955496,9
1927,2012,Sudan,0,68125631150,35990192,6
2133,2016,Sudan,0,95584380032,39578828,6
186,1968,Suriname,0,220600000,359733,1
304,1972,Suriname,0,287600000,371324,2
403,1976,Suriname,0,505500000,361364,3
610,1984,Suriname,0,864150000,367660,5
764,1988,Suriname,1,1160900000,391391,6
932,1992,Suriname,1,404600000,422763,6
1124,1996,Suriname,0,860630923,450036,7
1323,2000,Suriname,0,892164394,472390,4
1522,2004,Suriname,0,1484092538,493630,4
1724,2008,Suriname,0,3532969035,515148,4
1928,2012,Suriname,0,4980000000,537077,5
2134,2016,Suriname,0,3278425328,558368,6
305,1972,Swaziland,0,146741251,472230,2
611,1984,Swaziland,0,494475700,679976,8
765,1988,Swaziland,0,692016714,800456,11
933,1992,Swaziland,0,1284766234,906034,6
1125,1996,Swaziland,0,1602760100,981764,6
1324,2000,Swaziland,0,1738100853,1061468,6
1523,2004,Swaziland,0,2770082792,1095053,3
1725,2008,Swaziland,0,3294093485,1158897,4
1929,2012,Swaziland,0,4823831657,1248158,3
2135,2016,Swaziland,0,3720649375,1343098,2
77,1964,Sweden,8,21137242561,7661354,94
187,1968,Sweden,4,29143383491,7912273,100
306,1972,Sweden,16,48263914959,8122300,131
404,1976,Sweden,5,88102107647,8222286,116
484,1980,Sweden,12,1.40089E+11,8310531,145
612,1984,Sweden,19,1.07662E+11,8336605,174
766,1988,Sweden,11,2.04068E+11,8436489,185
934,1992,Sweden,12,2.80312E+11,8668067,187
1126,1996,Sweden,8,2.88104E+11,8840998,177
1325,2000,Sweden,12,2.59802E+11,8872109,150
1524,2004,Sweden,7,3.81705E+11,8993531,115
1726,2008,Sweden,5,5.13966E+11,9219637,123
1930,2012,Sweden,8,5.43881E+11,9519374,133
2136,2016,Sweden,11,5.1446E+11,9903122,150
78,1964,Switzerland,4,14480556572,5789228,66
188,1968,Switzerland,5,18942729779,6067714,85
307,1972,Switzerland,3,,6260956,151
405,1976,Switzerland,4,,6302504,50
485,1980,Switzerland,2,1.19008E+11,6319408,73
613,1984,Switzerland,8,1.06285E+11,6441865,129
767,1988,Switzerland,4,2.09298E+11,6593386,99
935,1992,Switzerland,1,2.71814E+11,6875364,102
1127,1996,Switzerland,7,3.30092E+11,7071850,115
1326,2000,Switzerland,9,2.72055E+11,7184250,102
1525,2004,Switzerland,5,3.94164E+11,7389625,98
1727,2008,Switzerland,7,5.54363E+11,7647675,83
1931,2012,Switzerland,4,6.68044E+11,7996861,98
2137,2016,Switzerland,7,6.68851E+11,8372098,102
189,1968,Syria,0,1753746370,5935860,2
308,1972,Syria,0,3059682162,6800141,5
486,1980,Syria,0,13062421025,8930774,67
614,1984,Syria,1,17503082982,10293049,9
768,1988,Syria,0,10577042355,11719071,13
936,1992,Syria,0,13253565899,13187085,8
1128,1996,Syria,1,13789560878,14755286,7
1327,2000,Syria,0,19325894913,16410848,8
1526,2004,Syria,1,25086930693,17806638,6
1728,2008,Syria,0,,20325443,7
1932,2012,Syria,0,,20420701,10
2138,2016,Syria,0,,18430453,7
79,1964,Taiwan,0,,,40
190,1968,Taiwan,1,,,43
309,1972,Taiwan,0,,,21
615,1984,Taiwan,1,,,38
769,1988,Taiwan,0,,,61
937,1992,Taiwan,1,,,31
1129,1996,Taiwan,1,,,74
1328,2000,Taiwan,5,,,55
1527,2004,Taiwan,5,,,88
1729,2008,Taiwan,4,,,79
1933,2012,Taiwan,2,,,44
2139,2016,Taiwan,3,,,55
1130,1996,Tajikistan,0,1043893063,5849540,8
1329,2000,Tajikistan,0,860550306,6216205,4
1528,2004,Tajikistan,0,2076148696,6712841,9
1730,2008,Tajikistan,2,5161336170,7309728,15
1934,2012,Tajikistan,1,7633049792,7995062,16
2140,2016,Tajikistan,1,6951657159,8734951,7
80,1964,Tanzania,0,,11339097,4
191,1968,Tanzania,0,,12787489,4
310,1972,Tanzania,0,,14506617,15
487,1980,Tanzania,2,,18683157,41
616,1984,Tanzania,0,,21173603,18
770,1988,Tanzania,0,5100405772,23909954,10
938,1992,Tanzania,0,4601413264,27219619,9
1131,1996,Tanzania,0,6496195451,30811854,7
1330,2000,Tanzania,0,10185786383,34178042,4
1529,2004,Tanzania,0,12825801581,38249984,8
1731,2008,Tanzania,0,27368386358,43270144,9
1935,2012,Tanzania,0,39087748240,49082997,6
2141,2016,Tanzania,0,47340071107,55572201,7
81,1964,Thailand,0,3889129942,30881332,54
192,1968,Thailand,0,6081009428,34790945,41
311,1972,Thailand,0,8177884553,39061994,33
406,1976,Thailand,1,16985211146,43386841,42
617,1984,Thailand,1,41797592963,51108082,35
771,1988,Thailand,1,61667199835,54912334,14
939,1992,Thailand,1,1.11453E+11,57837878,46
1132,1996,Thailand,2,1.83035E+11,60151472,37
1331,2000,Thailand,3,1.26392E+11,62958021,52
1530,2004,Thailand,8,1.72895E+11,65002231,42
1732,2008,Thailand,4,2.91383E+11,66545760,47
1936,2012,Thailand,3,3.9756E+11,67843979,37
2142,2016,Thailand,6,4.07026E+11,68863514,54
1531,2004,Timor-Leste,0,442875784,996698,2
1733,2008,Timor-Leste,0,659561789,1078110,1
1937,2012,Timor-Leste,0,1188900000,1156760,2
2143,2016,Timor-Leste,0,1782974000,1268671,3
312,1972,Togo,0,335677637,2247582,7
618,1984,Togo,0,718148960,3140237,6
772,1988,Togo,0,1378847487,3581928,6
940,1992,Togo,0,1692959110,3973327,6
1133,1996,Togo,0,1465448290,4398238,5
1332,2000,Togo,0,1294250233,4970367,3
1532,2004,Togo,0,1937074572,5534598,3
1734,2008,Togo,1,3163416242,6161796,4
1938,2012,Togo,0,3866617463,6859482,6
2144,2016,Togo,0,4399995987,7606374,5
619,1984,Tonga,0,64248355,93842,7
773,1988,Tonga,0,106657267,94667,5
941,1992,Tonga,0,137066291,95496,5
1134,1996,Tonga,1,219583570,96369,5
1333,2000,Tonga,0,202363492,98082,3
1533,2004,Tonga,0,229358215,100406,5
1735,2008,Tonga,0,349484428,103005,3
1939,2012,Tonga,0,472358251,104951,3
2145,2016,Tonga,0,401562006,107122,7
82,1964,Trinidad,3,711893368,903275,13
193,1968,Trinidad,0,758899950,931468,19
313,1972,Trinidad,0,1083381044,968741,19
407,1976,Trinidad,1,2500410584,1025658,13
488,1980,Trinidad,0,6235833333,1085308,9
620,1984,Trinidad,0,7757083333,1155695,16
774,1988,Trinidad,0,4496852073,1204893,6
942,1992,Trinidad,0,5439552941,1237487,7
1135,1996,Trinidad,2,5759537726,1258364,12
1334,2000,Trinidad,2,8154338233,1267984,19
1534,2004,Trinidad,1,13280275123,1290535,19
1736,2008,Trinidad,2,27870257894,1315372,28
1940,2012,Trinidad,4,25694164489,1341588,25
2146,2016,Trinidad,1,21894706041,1364962,28
83,1964,Tunisia,2,,4458611,9
194,1968,Tunisia,2,1214666667,4842167,7
314,1972,Tunisia,1,2237476420,5287543,35
408,1976,Tunisia,0,4507929104,5781796,15
621,1984,Tunisia,0,8254891864,7127941,23
775,1988,Tunisia,0,10096292842,7871459,41
943,1992,Tunisia,0,15497286296,8603225,13
1136,1996,Tunisia,1,19587322786,9256037,51
1335,2000,Tunisia,0,21473188882,9699197,47
1535,2004,Tunisia,0,31183139301,10017601,54
1737,2008,Tunisia,1,44856586316,10407336,26
1941,2012,Tunisia,3,45044112939,10886668,83
2147,2016,Tunisia,3,42062549395,11403248,61
84,1964,Turkey,6,11177777778,30244232,23
195,1968,Turkey,2,17500000000,33256432,29
315,1972,Turkey,1,20431095406,36587225,43
409,1976,Turkey,0,51280134554,40189511,27
622,1984,Turkey,3,59989909458,48114105,46
776,1988,Turkey,2,90852814005,52053704,41
944,1992,Turkey,6,1.58459E+11,55748875,41
1137,1996,Turkey,6,1.81476E+11,59423208,53
1336,2000,Turkey,5,2.72979E+11,63240121,57
1536,2004,Turkey,11,4.04787E+11,67007855,64
1738,2008,Turkey,7,7.64336E+11,70440032,67
1942,2012,Turkey,5,8.73982E+11,74569867,112
2148,2016,Turkey,8,8.63712E+11,79512426,100
1138,1996,Turkmenistan,0,2379281768,4287344,7
1337,2000,Turkmenistan,0,2904662605,4516131,8
1537,2004,Turkmenistan,0,6838351088,4703398,9
1739,2008,Turkmenistan,0,19271523179,4935762,10
1943,2012,Turkmenistan,0,35164210526,5267839,10
2149,2016,Turkmenistan,0,36179885714,5662544,9
1740,2008,Tuvalu,0,30290220,10340,3
1944,2012,Tuvalu,0,39875751,10725,3
2150,2016,Tuvalu,0,34218878,11097,1
87,1964,Uganda,0,589056604,7746198,13
198,1968,Uganda,2,1037815126,8872920,11
318,1972,Uganda,2,1491596639,9988380,33
490,1980,Uganda,1,1244610000,12549540,13
625,1984,Uganda,0,3615647477,14174470,26
779,1988,Uganda,0,6508931652,16262533,24
947,1992,Uganda,0,2857457860,18652889,8
1141,1996,Uganda,1,6044585327,21202118,10
1340,2000,Uganda,0,6193246837,24039274,13
1540,2004,Uganda,0,7940362799,27568436,11
1743,2008,Uganda,0,14239026630,31663896,11
1947,2012,Uganda,1,23132149257,36306796,15
2153,2016,Uganda,0,24078931933,41487965,21
85,1964,UK,18,93387598814,54000000,204
196,1968,UK,13,1.04703E+11,55211700,225
316,1972,UK,18,1.69965E+11,56086065,284
410,1976,UK,13,2.32615E+11,56211968,242
489,1980,UK,21,5.64948E+11,56314216,219
623,1984,UK,37,4.61487E+11,56422072,337
777,1988,UK,24,9.10123E+11,56928327,345
945,1992,UK,20,1.17966E+12,57580402,371
1139,1996,UK,15,1.40878E+12,58166950,300
1338,2000,UK,28,1.64795E+12,58892514,310
1538,2004,UK,30,2.39856E+12,59987905,264
1741,2008,UK,48,2.89056E+12,61806995,304
1945,2012,UK,65,2.66209E+12,63700300,530
2151,2016,UK,67,2.6479E+12,65637239,360
1142,1996,Ukraine,23,44558077827,51057189,231
1341,2000,Ukraine,23,31261527363,49175848,230
1541,2004,Ukraine,22,64883060726,47451600,239
1744,2008,Ukraine,27,1.79992E+11,46258200,243
1948,2012,Ukraine,20,1.75781E+11,45593300,230
2154,2016,Ukraine,11,93270479389,45004645,204
626,1984,United Arab Emirates,0,41807954236,1318478,7
780,1988,United Arab Emirates,0,36275674203,1655849,12
948,1992,United Arab Emirates,0,54239171888,2086639,13
1143,1996,United Arab Emirates,0,73571233996,2571020,4
1342,2000,United Arab Emirates,0,1.04337E+11,3154925,4
1542,2004,United Arab Emirates,1,1.47824E+11,4087931,4
1745,2008,United Arab Emirates,0,3.15475E+11,6894278,8
1949,2012,United Arab Emirates,0,3.74818E+11,8900453,26
2155,2016,United Arab Emirates,1,3.48743E+11,9269612,12
88,1964,Uruguay,1,1975701728,2665390,23
199,1968,Uruguay,0,1593675330,2774774,27
319,1972,Uruguay,0,2189418001,2821439,13
412,1976,Uruguay,0,3667161241,2841429,9
627,1984,Uruguay,0,4850241442,2992645,18
781,1988,Uruguay,0,8213515459,3069099,15
949,1992,Uruguay,0,12878157306,3154855,16
1144,1996,Uruguay,0,20515465834,3248035,14
1343,2000,Uruguay,1,22823255802,3321245,15
1543,2004,Uruguay,0,13686329890,3324096,15
1746,2008,Uruguay,0,30366213095,3350824,12
1950,2012,Uruguay,0,51264390121,3396777,27
2156,2016,Uruguay,0,52419720714,3444006,17
86,1964,USA,90,6.858E+11,191889000,346
197,1968,USA,107,9.425E+11,200706000,357
317,1972,USA,94,1.28245E+12,209896000,400
411,1976,USA,94,1.87759E+12,218035000,396
624,1984,USA,173,4.04069E+12,235825000,522
778,1988,USA,94,5.25263E+12,244499000,527
946,1992,USA,108,6.5393E+12,256514000,545
1140,1996,USA,101,8.1002E+12,269394000,648
1339,2000,USA,91,1.02848E+13,282162411,586
1539,2004,USA,101,1.22749E+13,292805298,533
1742,2008,USA,110,1.47186E+13,304093966,588
1946,2012,USA,103,1.61553E+13,313998379,529
2152,2016,USA,121,1.86245E+13,323127513,555
1145,1996,Uzbekistan,2,13948892216,23225000,71
1344,2000,Uzbekistan,4,13760374488,24650400,70
1544,2004,Uzbekistan,5,12030023548,25864350,69
1747,2008,Uzbekistan,6,29549438884,27302800,56
1951,2012,Uzbekistan,3,51821573338,29774500,53
2157,2016,Uzbekistan,13,67220335570,31848200,70
782,1988,Vanuatu,0,148545381,139366,4
950,1992,Vanuatu,0,196142585,155243,6
1146,1996,Vanuatu,0,245177633,171801,4
1345,2000,Vanuatu,0,272014693,185063,3
1545,2004,Vanuatu,0,364996869,204143,2
1748,2008,Vanuatu,0,607958616,225340,3
1952,2012,Vanuatu,0,781702874,247485,5
2158,2016,Vanuatu,0,773502896,270402,4
89,1964,Venezuela,0,9111000000,9476252,16
200,1968,Venezuela,1,11343444444,10881995,23
320,1972,Venezuela,0,15922863636,12286439,23
413,1976,Venezuela,1,36187023256,13739142,32
491,1980,Venezuela,1,67018023256,15343916,37
628,1984,Venezuela,3,56091900000,17057785,26
783,1988,Venezuela,0,58428406897,18912526,17
951,1992,Venezuela,0,58450099415,20799075,26
1147,1996,Venezuela,0,68263823149,22650102,39
1346,2000,Venezuela,0,1.17141E+11,24488340,50
1546,2004,Venezuela,2,1.12453E+11,26327225,48
1749,2008,Venezuela,1,3.15953E+11,28141701,108
1953,2012,Venezuela,1,3.81286E+11,29893080,68
2159,2016,Venezuela,3,,31568179,85
90,1964,Vietnam,0,,37574000,16
201,1968,Vietnam,0,,40856000,9
321,1972,Vietnam,0,,44758000,2
492,1980,Vietnam,0,,53700000,30
784,1988,Vietnam,0,25423812649,63263000,9
952,1992,Vietnam,0,9866990236,68450100,7
1148,1996,Vietnam,0,24657470575,73156700,6
1347,2000,Vietnam,1,31172518403,77630900,7
1547,2004,Vietnam,0,45427854693,81436400,11
1750,2008,Vietnam,1,99130304099,85118700,13
1954,2012,Vietnam,0,1.5582E+11,88809200,18
2160,2016,Vietnam,2,2.05276E+11,92701100,22
629,1984,"Virgin Islands, British",0,,12731,9
785,1988,"Virgin Islands, British",0,,15266,3
953,1992,"Virgin Islands, British",0,,17344,4
1149,1996,"Virgin Islands, British",0,,18833,7
1348,2000,"Virgin Islands, British",0,,20645,1
1548,2004,"Virgin Islands, British",0,,22541,1
1751,2008,"Virgin Islands, British",0,,25604,2
1955,2012,"Virgin Islands, British",0,,28509,2
2161,2016,"Virgin Islands, British",0,,30661,4
202,1968,"Virgin Islands, US",0,173800000,54600,6
322,1972,"Virgin Islands, US",0,307100000,76000,16
414,1976,"Virgin Islands, US",0,440000000,96000,21
630,1984,"Virgin Islands, US",0,985400000,108000,29
786,1988,"Virgin Islands, US",1,1204600064,104500,22
954,1992,"Virgin Islands, US",0,1770899968,105711,25
1150,1996,"Virgin Islands, US",0,,108093,12
1349,2000,"Virgin Islands, US",0,,108639,9
1549,2004,"Virgin Islands, US",0,3799000000,107950,6
1752,2008,"Virgin Islands, US",0,4250000000,107091,7
1956,2012,"Virgin Islands, US",0,4095000000,105275,7
2162,2016,"Virgin Islands, US",0,,102951,7
631,1984,Yemen,0,,9472170,2
787,1988,Yemen,0,,11051504,13
955,1992,Yemen,0,6463649985,13325583,8
1151,1996,Yemen,0,5785685311,15889449,4
1350,2000,Yemen,0,9636342275,17874725,2
1550,2004,Yemen,0,13873500888,20017068,3
1753,2008,Yemen,0,26910851362,22356391,5
1957,2012,Yemen,0,35393148127,24909969,4
2163,2016,Yemen,0,27317605346,27584213,3
91,1964,Zambia,0,839428571,3452942,12
203,1968,Zambia,0,1605857143,3912085,7
323,1972,Zambia,0,1910714286,4469895,11
493,1980,Zambia,0,3829500000,5889230,37
632,1984,Zambia,1,2739444444,6738765,16
788,1988,Zambia,0,3713614458,7600072,29
956,1992,Zambia,0,3181921788,8452275,9
1152,1996,Zambia,1,3597220962,9394304,8
1351,2000,Zambia,0,3600683040,10531221,8
1551,2004,Zambia,0,6221077675,11731746,6
1754,2008,Zambia,0,17910858638,13082517,8
1958,2012,Zambia,0,25503370699,14699937,7
2164,2016,Zambia,0,21063989683,16591390,7
92,1964,Zimbabwe,0,1217138000,4269863,29
494,1980,Zimbabwe,1,6678868200,7164172,42
633,1984,Zimbabwe,0,6352125900,8342195,15
789,1988,Zimbabwe,0,7814784100,9604302,29
957,1992,Zimbabwe,0,6751472200,10682868,19
1153,1996,Zimbabwe,0,8553146600,11518262,13
1352,2000,Zimbabwe,0,6689957600,12222251,16
1552,2004,Zimbabwe,3,5805598400,12777511,12
1755,2008,Zimbabwe,4,4415702800,13558469,13
1959,2012,Zimbabwe,0,14242490252,14710826,7
2165,2016,Zimbabwe,0,16619960402,16150362,30
